{"AM215_008": {"am215_interior_02_006": "am215_interior_V4_SHDSG", "am215_interior_02_007": "am215_interior_V4_SHDSG", "am215_interior_02_004": "am215_interior_V4_SHDSG", "am215_interior_02_005": "am215_interior_V4_SHDSG", "am215_interior_02_002": "am215_interior_V4_SHDSG", "am215_interior_02_003": "am215_interior_V4_SHDSG", "am215_interior_04_002": "am215_interior_V3_SHDSG", "am215_interior_04_003": "am215_interior_V3_SHDSG", "970": "AM215_props_Shop_exposition_V6_SHDSG", "am215_interior_04_004": "am215_interior_V3_SHDSG", "am215_interior_05_003": "am215_interior_V1_SHDSG", "am215_interior_04_005": "am215_interior_V3_SHDSG", "745": "AM215_props_Shop_exposition_V5_SHDSG", "am215_interior_01_002": "am215_interior_V5_SHDSG", "am215_interior_05_001": "am215_interior_V1_SHDSG", "am215_interior_03_002": "am215_interior_V2_SHDSG", "am215_interior_03_001": "am215_interior_V2_SHDSG", "am215_interior_05_002": "am215_interior_V1_SHDSG"}, "AM215_009": {"am215_interior_01_001": "am215_interior_V5_SHDSG", "am215_interior_03_003": "am215_interior_V2_SHDSG", "am215_interior_02_004": "am215_interior_V4_SHDSG", "am215_interior_01_002": "am215_interior_V5_SHDSG", "am215_interior_02_002": "am215_interior_V4_SHDSG", "am215_interior_03_002": "am215_interior_V2_SHDSG", "am215_interior_04_002": "am215_interior_V3_SHDSG", "am215_interior_04_003": "am215_interior_V3_SHDSG"}, "AM215_024": {"am215_interior_02_006": "am215_interior_V4_SHDSG", "am215_interior_02_005": "am215_interior_V4_SHDSG", "am215_interior_01_001": "am215_interior_V5_SHDSG", "am215_interior_02_004": "am215_interior_V4_SHDSG", "am215_interior_01_002": "am215_interior_V5_SHDSG", "am215_interior_03_002": "am215_interior_V2_SHDSG", "am215_interior_03_001": "am215_interior_V2_SHDSG", "am215_interior_05_002": "am215_interior_V1_SHDSG"}, "AM215_025": {"am215_interior_05_002": "am215_interior_V1_SHDSG", "am215_interior_05_003": "am215_interior_V1_SHDSG", "am215_interior_05_004": "am215_interior_V1_SHDSG", "am215_interior_02_006": "am215_interior_V4_SHDSG", "am215_interior_05_001": "am215_interior_V1_SHDSG", "am215_interior_01_002": "am215_interior_V5_SHDSG", "am215_interior_02_002": "am215_interior_V4_SHDSG", "am215_interior_02_003": "am215_interior_V4_SHDSG", "am215_interior_04_002": "am215_interior_V3_SHDSG", "am215_interior_04_003": "am215_interior_V3_SHDSG"}, "AM215_026": {"am215_interior_04_004": "am215_interior_V3_SHDSG", "am215_interior_04_005": "am215_interior_V3_SHDSG", "am215_interior_02_006": "am215_interior_V4_SHDSG", "am215_interior_02_007": "am215_interior_V4_SHDSG", "970": "AM215_props_Shop_exposition_V6_SHDSG", "737": "AM215_props_Shop_exposition_V5_SHDSG", "am215_interior_03_003": "am215_interior_V2_SHDSG", "am215_interior_05_003": "am215_interior_V1_SHDSG"}, "AM215_027": {"am215_interior_03_002": "am215_interior_V2_SHDSG", "am215_interior_01_001": "am215_interior_V5_SHDSG", "am215_interior_01_003": "am215_interior_V5_SHDSG", "am215_interior_01_002": "am215_interior_V5_SHDSG", "am215_interior_02_002": "am215_interior_V4_SHDSG", "am215_interior_01_004": "am215_interior_V5_SHDSG", "am215_interior_03_001": "am215_interior_V2_SHDSG", "am215_interior_02_003": "am215_interior_V4_SHDSG"}, "AM215_020": {"am215_shop_interior_v1": "am215_Shop_interior_V1_SHDSG", "802": "AM215_props_Shop_exposition_V4_SHDSG", "am215_interior_01_003": "am215_interior_V5_SHDSG", "am215_interior_02_005": "am215_interior_V4_SHDSG", "am215_interior_02_002": "am215_interior_V4_SHDSG", "am215_interior_03_002": "am215_interior_V2_SHDSG", "am215_interior_03_001": "am215_interior_V2_SHDSG", "am215_interior_05_002": "am215_interior_V1_SHDSG"}, "AM215_022": {"am215_interior_04_004": "am215_interior_V3_SHDSG", "802": "AM215_props_Shop_exposition_V4_SHDSG", "am215_interior_05_001": "am215_interior_V1_SHDSG", "am215_interior_03_001": "am215_interior_V2_SHDSG", "am215_interior_02_006": "am215_interior_V4_SHDSG", "am215_interior_02_002": "am215_interior_V4_SHDSG", "am215_interior_05_003": "am215_interior_V1_SHDSG", "am215_interior_03_003": "am215_interior_V2_SHDSG", "am215_interior_04_002": "am215_interior_V3_SHDSG", "927": "AM215_props_Shop_exposition_V9_SHDSG"}, "AM215_023": {"am215_interior_02_008": "am215_interior_V4_SHDSG", "am215_interior_02_009": "am215_interior_V4_SHDSG", "am215_interior_02_006": "am215_interior_V4_SHDSG", "am215_interior_02_007": "am215_interior_V4_SHDSG", "am215_interior_03_007": "am215_interior_V2_SHDSG", "am215_interior_01_010": "am215_interior_V5_SHDSG", "am215_interior_01_009": "am215_interior_V5_SHDSG", "am215_interior_01_008": "am215_interior_V5_SHDSG", "am215_interior_01_013": "am215_interior_V5_SHDSG", "am215_interior_03_010": "am215_interior_V2_SHDSG", "am215_interior_03_011": "am215_interior_V2_SHDSG", "am215_interior_01_003": "am215_interior_V5_SHDSG", "am215_interior_03_012": "am215_interior_V2_SHDSG", "am215_interior_01_005": "am215_interior_V5_SHDSG", "am215_interior_01_004": "am215_interior_V5_SHDSG", "am215_interior_01_007": "am215_interior_V5_SHDSG", "am215_interior_01_006": "am215_interior_V5_SHDSG", "am215_interior_03_004": "am215_interior_V2_SHDSG", "am215_interior_04_004": "am215_interior_V3_SHDSG", "am215_interior_04_005": "am215_interior_V3_SHDSG", "am215_interior_04_006": "am215_interior_V3_SHDSG", "am215_interior_04_007": "am215_interior_V3_SHDSG", "am215_interior_02_019": "am215_interior_V4_SHDSG", "am215_interior_02_018": "am215_interior_V4_SHDSG", "am215_interior_02_015": "am215_interior_V4_SHDSG", "am215_interior_02_014": "am215_interior_V4_SHDSG", "am215_interior_02_017": "am215_interior_V4_SHDSG", "am215_interior_02_016": "am215_interior_V4_SHDSG", "am215_interior_02_011": "am215_interior_V4_SHDSG", "am215_interior_02_010": "am215_interior_V4_SHDSG", "am215_interior_02_013": "am215_interior_V4_SHDSG", "am215_interior_02_012": "am215_interior_V4_SHDSG", "am215_interior_03_009": "am215_interior_V2_SHDSG", "am215_interior_03_008": "am215_interior_V2_SHDSG", "am215_interior_01_012": "am215_interior_V5_SHDSG", "am215_interior_03_006": "am215_interior_V2_SHDSG", "am215_interior_01_001": "am215_interior_V5_SHDSG", "am215_interior_01_011": "am215_interior_V5_SHDSG", "am215_interior_03_003": "am215_interior_V2_SHDSG", "am215_interior_01_014": "am215_interior_V5_SHDSG", "am215_interior_03_005": "am215_interior_V2_SHDSG", "am215_interior_05_004": "am215_interior_V1_SHDSG", "am215_interior_05_006": "am215_interior_V1_SHDSG", "am215_interior_05_003": "am215_interior_V1_SHDSG"}, "AM215_006": {"am215_props_interior_04_004": "am215_interior_V3_SHDSG", "am215_props_interior_04_003": "am215_interior_V3_SHDSG", "am215_props_interior_05_002": "am215_interior_V1_SHDSG", "am215_props_interior_05_003": "am215_interior_V1_SHDSG", "am215_props_interior_02_006": "am215_interior_V4_SHDSG", "am215_props_interior_02_005": "am215_interior_V4_SHDSG"}, "AM215_007": {"am215_interior_04_002": "am215_interior_V3_SHDSG", "am215_interior_01_001": "am215_interior_V5_SHDSG", "am215_interior_05_001": "am215_interior_V1_SHDSG", "am215_interior_02_005": "am215_interior_V4_SHDSG", "am215_interior_02_002": "am215_interior_V4_SHDSG", "am215_interior_03_002": "am215_interior_V2_SHDSG", "am215_interior_03_001": "am215_interior_V2_SHDSG", "am215_interior_05_002": "am215_interior_V1_SHDSG"}, "AM215_004": {"am215_interior_02_006": "am215_interior_V4_SHDSG", "am215_interior_02_007": "am215_interior_V4_SHDSG", "am215_interior_02_004": "am215_interior_V4_SHDSG", "am215_interior_04_007": "am215_interior_V3_SHDSG", "am215_interior_01_008": "am215_interior_V5_SHDSG", "am215_interior_05_003": "am215_interior_V1_SHDSG", "am215_interior_05_005": "am215_interior_V1_SHDSG", "am215_interior_05_004": "am215_interior_V1_SHDSG", "am215_interior_03_004": "am215_interior_V2_SHDSG", "am215_interior_01_005": "am215_interior_V5_SHDSG", "am215_interior_04_006": "am215_interior_V3_SHDSG", "am215_interior_01_007": "am215_interior_V5_SHDSG", "am215_interior_01_006": "am215_interior_V5_SHDSG"}, "AM215_005": {"am215_interior_04_004": "am215_interior_V3_SHDSG", "am215_interior_04_005": "am215_interior_V3_SHDSG", "am215_interior_04_006": "am215_interior_V3_SHDSG", "am215_interior_04_007": "am215_interior_V3_SHDSG", "am215_interior_02_003": "am215_interior_V4_SHDSG", "am215_interior_04_002": "am215_interior_V3_SHDSG", "am215_interior_02_006": "am215_interior_V4_SHDSG", "am215_interior_05_004": "am215_interior_V1_SHDSG", "am215_interior_01_003": "am215_interior_V5_SHDSG", "am215_interior_01_002": "am215_interior_V5_SHDSG", "am215_interior_05_001": "am215_interior_V1_SHDSG", "am215_interior_05_003": "am215_interior_V1_SHDSG"}, "AM215_002": {"577": "AM215_props_Shop_exposition_V2_SHDSG", "927": "AM215_props_Shop_exposition_V9_SHDSG", "1670": "AM215_props_Shop_exposition_V1_SHDSG", "1276": "AM215_props_Shop_exposition_V3_SHDSG", "am215_interior_02_004": "am215_interior_V4_SHDSG", "am215_interior_02_005": "am215_interior_V4_SHDSG", "am215_interior_02_002": "am215_interior_V4_SHDSG", "am215_interior_02_003": "am215_interior_V4_SHDSG", "am215_interior_04_002": "am215_interior_V3_SHDSG", "am215_interior_04_003": "am215_interior_V3_SHDSG", "am215_interior_01_001": "am215_interior_V5_SHDSG", "am215_shop_interior_v1_002": "am215_Shop_interior_V1_SHDSG", "am215_shop_interior_v1_001": "am215_Shop_interior_V1_SHDSG", "am215_interior_01_002": "am215_interior_V5_SHDSG", "am215_interior_05_001": "am215_interior_V1_SHDSG", "am215_interior_03_002": "am215_interior_V2_SHDSG", "am215_interior_03_001": "am215_interior_V2_SHDSG", "am215_interior_05_002": "am215_interior_V1_SHDSG"}, "AM215_003": {"am215_interior_v3_002": "am215_interior_V3_SHDSG", "am215_interior_v3_005": "am215_interior_V3_SHDSG", "am215_interior_v1_002": "am215_interior_V1_SHDSG", "am215_interior_v4_002": "am215_interior_V4_SHDSG", "am215_interior_v4_003": "am215_interior_V4_SHDSG", "am215_interior_v4_000": "am215_interior_V4_SHDSG", "am215_interior_v4_006": "am215_interior_V4_SHDSG", "am215_interior_v4_007": "am215_interior_V4_SHDSG", "am215_interior_v4_004": "am215_interior_V4_SHDSG", "am215_interior_v4_005": "am215_interior_V4_SHDSG", "am215_interior_v4_008": "am215_interior_V4_SHDSG", "am215_interior_v4_009": "am215_interior_V4_SHDSG", "am215_interior_v1_009": "am215_interior_V1_SHDSG", "am215_interior_v1_008": "am215_interior_V1_SHDSG", "am215_interior_v1_007": "am215_interior_V1_SHDSG", "am215_interior_v1_006": "am215_interior_V1_SHDSG", "am215_interior_v3_003": "am215_interior_V3_SHDSG", "am215_interior_v1_004": "am215_interior_V1_SHDSG", "am215_interior_v1_003": "am215_interior_V1_SHDSG", "am215_interior_v3_004": "am215_interior_V3_SHDSG", "am215_interior_v3_006": "am215_interior_V3_SHDSG", "am215_interior_v4_0010": "am215_interior_V4_SHDSG", "am215_interior_v2_000": "am215_interior_V2_SHDSG", "am215_interior_v2_002": "am215_interior_V2_SHDSG", "am215_interior_v2_003": "am215_interior_V2_SHDSG", "am215_interior_v2_004": "am215_interior_V2_SHDSG", "am215_interior_v2_005": "am215_interior_V2_SHDSG", "am215_interior_v2_006": "am215_interior_V2_SHDSG", "am215_interior_v4_011": "am215_interior_V4_SHDSG", "am215_interior_v4_010": "am215_interior_V4_SHDSG", "am215_interior_v4_012": "am215_interior_V4_SHDSG", "am215_interior_v5_003": "am215_interior_V5_SHDSG", "am215_interior_v5_002": "am215_interior_V5_SHDSG", "am215_interior_v5_007": "am215_interior_V5_SHDSG", "am215_interior_v5_006": "am215_interior_V5_SHDSG", "am215_interior_v5_005": "am215_interior_V5_SHDSG", "am215_interior_v5_004": "am215_interior_V5_SHDSG", "am215_interior_v1_010": "am215_interior_V1_SHDSG", "am215_interior_v1_011": "am215_interior_V1_SHDSG", "am215_interior_v1_012": "am215_interior_V1_SHDSG", "am215_interior_v1_013": "am215_interior_V1_SHDSG", "am215_interior_v1_014": "am215_interior_V1_SHDSG", "am215_interior_v1_005": "am215_interior_V1_SHDSG"}, "AM215_001": {"am215_interior_03_002": "am215_interior_V2_SHDSG", "am215_interior_01_002": "am215_interior_V5_SHDSG", "am215_interior_05_003": "am215_interior_V1_SHDSG", "am215_interior_04_004": "am215_interior_V3_SHDSG", "am215_interior_01_005": "am215_interior_V5_SHDSG", "am215_interior_04_006": "am215_interior_V3_SHDSG", "am215_interior_04_001": "am215_interior_V3_SHDSG", "am215_interior_04_002": "am215_interior_V3_SHDSG", "am215_interior_01_004": "am215_interior_V5_SHDSG", "am215_interior_05_001": "am215_interior_V1_SHDSG", "am215_interior_04_003": "am215_interior_V3_SHDSG", "am215_interior_04_005": "am215_interior_V3_SHDSG", "am215_interior_01_001": "am215_interior_V5_SHDSG", "am215_interior_03_005": "am215_interior_V2_SHDSG", "am215_interior_03_004": "am215_interior_V2_SHDSG", "am215_interior_03_003": "am215_interior_V2_SHDSG", "am215_interior_01_003": "am215_interior_V5_SHDSG", "am215_interior_03_001": "am215_interior_V2_SHDSG", "am215_interior_05_002": "am215_interior_V1_SHDSG"}, "AM215_042": {"am215_interior_02_008": "am215_interior_V4_SHDSG", "am215_interior_02_009": "am215_interior_V4_SHDSG", "am215_interior_02_006": "am215_interior_V4_SHDSG", "am215_interior_02_007": "am215_interior_V4_SHDSG", "am215_interior_02_004": "am215_interior_V4_SHDSG", "am215_interior_02_005": "am215_interior_V4_SHDSG", "am215_interior_02_002": "am215_interior_V4_SHDSG", "am215_interior_02_003": "am215_interior_V4_SHDSG", "am215_interior_01_009": "am215_interior_V5_SHDSG", "am215_interior_01_008": "am215_interior_V5_SHDSG", "am215_interior_01_013": "am215_interior_V5_SHDSG", "am215_interior_01_001": "am215_interior_V5_SHDSG", "am215_interior_01_003": "am215_interior_V5_SHDSG", "am215_interior_01_005": "am215_interior_V5_SHDSG", "am215_interior_01_004": "am215_interior_V5_SHDSG", "am215_interior_01_007": "am215_interior_V5_SHDSG", "am215_interior_01_006": "am215_interior_V5_SHDSG", "am215_shop_interior_v004": "am215_Shop_interior_V1_SHDSG", "am215_shop_interior_v1": "am215_Shop_interior_V1_SHDSG", "am215_interior_03_004": "am215_interior_V2_SHDSG", "am215_shop_interior_v003": "am215_Shop_interior_V1_SHDSG", "am215_shop_interior_v002": "am215_Shop_interior_V1_SHDSG", "am215_interior_04_004": "am215_interior_V3_SHDSG", "am215_interior_04_005": "am215_interior_V3_SHDSG", "am215_interior_04_006": "am215_interior_V3_SHDSG", "am215_interior_04_007": "am215_interior_V3_SHDSG", "am215_interior_04_002": "am215_interior_V3_SHDSG", "am215_interior_04_003": "am215_interior_V3_SHDSG", "1970": "AM215_props_Shop_exposition_V8_SHDSG", "577": "AM215_props_Shop_exposition_V2_SHDSG", "am215_interior_03_008": "am215_interior_V2_SHDSG", "am215_interior_03_007": "am215_interior_V2_SHDSG", "am215_interior_03_006": "am215_interior_V2_SHDSG", "am215_interior_01_010": "am215_interior_V5_SHDSG", "am215_interior_01_011": "am215_interior_V5_SHDSG", "am215_interior_03_003": "am215_interior_V2_SHDSG", "am215_interior_03_002": "am215_interior_V2_SHDSG", "am215_interior_03_001": "am215_interior_V2_SHDSG", "am215_interior_01_012": "am215_interior_V5_SHDSG", "am215_interior_03_005": "am215_interior_V2_SHDSG", "am215_interior_05_005": "am215_interior_V1_SHDSG", "am215_interior_05_004": "am215_interior_V1_SHDSG", "am215_interior_05_006": "am215_interior_V1_SHDSG", "am215_interior_05_001": "am215_interior_V1_SHDSG", "am215_interior_05_003": "am215_interior_V1_SHDSG", "am215_interior_05_002": "am215_interior_V1_SHDSG"}, "AM215_043": {"am215_interior_02_008": "am215_interior_V4_SHDSG", "am215_interior_02_009": "am215_interior_V4_SHDSG", "am215_interior_02_006": "am215_interior_V4_SHDSG", "am215_interior_02_007": "am215_interior_V4_SHDSG", "am215_interior_02_004": "am215_interior_V4_SHDSG", "am215_interior_02_005": "am215_interior_V4_SHDSG", "am215_interior_02_002": "am215_interior_V4_SHDSG", "am215_interior_02_003": "am215_interior_V4_SHDSG", "am215_interior_01_009": "am215_interior_V5_SHDSG", "am215_interior_01_008": "am215_interior_V5_SHDSG", "am215_interior_02_020": "am215_interior_V4_SHDSG", "am215_interior_02_021": "am215_interior_V4_SHDSG", "am215_interior_01_001": "am215_interior_V5_SHDSG", "am215_interior_01_003": "am215_interior_V5_SHDSG", "am215_interior_01_002": "am215_interior_V5_SHDSG", "am215_interior_01_005": "am215_interior_V5_SHDSG", "am215_interior_01_004": "am215_interior_V5_SHDSG", "am215_interior_01_007": "am215_interior_V5_SHDSG", "am215_interior_01_006": "am215_interior_V5_SHDSG", "am215_shop_interior_v1": "am215_Shop_interior_V1_SHDSG", "am215_interior_04_008": "am215_interior_V3_SHDSG", "am215_interior_04_009": "am215_interior_V3_SHDSG", "am215_interior_04_004": "am215_interior_V3_SHDSG", "am215_interior_04_005": "am215_interior_V3_SHDSG", "am215_interior_04_006": "am215_interior_V3_SHDSG", "am215_interior_04_007": "am215_interior_V3_SHDSG", "am215_interior_04_002": "am215_interior_V3_SHDSG", "am215_interior_04_003": "am215_interior_V3_SHDSG", "1970": "AM215_props_Shop_exposition_V8_SHDSG", "577": "AM215_props_Shop_exposition_V2_SHDSG", "am215_interior_02_019": "am215_interior_V4_SHDSG", "am215_interior_02_018": "am215_interior_V4_SHDSG", "am215_interior_02_014": "am215_interior_V4_SHDSG", "am215_interior_02_017": "am215_interior_V4_SHDSG", "am215_interior_02_011": "am215_interior_V4_SHDSG", "am215_interior_02_010": "am215_interior_V4_SHDSG", "802": "AM215_props_Shop_exposition_V4_SHDSG", "am215_interior_03_008": "am215_interior_V2_SHDSG", "am215_interior_03_007": "am215_interior_V2_SHDSG", "am215_interior_03_006": "am215_interior_V2_SHDSG", "am215_interior_01_010": "am215_interior_V5_SHDSG", "am215_interior_03_004": "am215_interior_V2_SHDSG", "am215_interior_03_003": "am215_interior_V2_SHDSG", "am215_interior_03_002": "am215_interior_V2_SHDSG", "am215_interior_03_001": "am215_interior_V2_SHDSG", "am215_interior_04_012": "am215_interior_V3_SHDSG", "am215_interior_04_011": "am215_interior_V3_SHDSG", "am215_interior_04_010": "am215_interior_V3_SHDSG", "am215_interior_01_012": "am215_interior_V5_SHDSG", "am215_interior_03_005": "am215_interior_V2_SHDSG", "am215_interior_05_008": "am215_interior_V1_SHDSG", "am215_interior_05_005": "am215_interior_V1_SHDSG", "am215_interior_05_004": "am215_interior_V1_SHDSG", "am215_interior_05_006": "am215_interior_V1_SHDSG", "am215_interior_05_001": "am215_interior_V1_SHDSG", "am215_interior_05_003": "am215_interior_V1_SHDSG", "am215_interior_05_002": "am215_interior_V1_SHDSG"}, "AM215_040": {"1670": "AM215_props_Shop_exposition_V1_SHDSG", "am215_interior_02_006": "am215_interior_V4_SHDSG", "am215_interior_02_004": "am215_interior_V4_SHDSG", "am215_interior_02_005": "am215_interior_V4_SHDSG", "am215_interior_02_003": "am215_interior_V4_SHDSG", "802": "AM215_props_Shop_exposition_V4_SHDSG", "1276": "AM215_props_Shop_exposition_V3_SHDSG", "am215_interior_01_003": "am215_interior_V5_SHDSG", "am215_interior_01_001": "am215_interior_V5_SHDSG", "am215_interior_03_006": "am215_interior_V2_SHDSG", "am215_interior_03_005": "am215_interior_V2_SHDSG", "am215_interior_03_004": "am215_interior_V2_SHDSG", "am215_interior_03_003": "am215_interior_V2_SHDSG", "am215_interior_03_002": "am215_interior_V2_SHDSG", "am215_interior_03_001": "am215_interior_V2_SHDSG", "927": "AM215_props_Shop_exposition_V9_SHDSG", "am215_shop_interior_v1": "am215_Shop_interior_V1_SHDSG", "am215_interior_01_002": "am215_interior_V5_SHDSG", "am215_shop_interior_v002": "am215_Shop_interior_V1_SHDSG", "am215_interior_04_004": "am215_interior_V3_SHDSG", "am215_interior_04_005": "am215_interior_V3_SHDSG", "am215_interior_04_006": "am215_interior_V3_SHDSG", "am215_interior_04_007": "am215_interior_V3_SHDSG", "am215_interior_04_002": "am215_interior_V3_SHDSG", "am215_interior_04_003": "am215_interior_V3_SHDSG", "am215_interior_01_004": "am215_interior_V5_SHDSG", "am215_interior_05_009": "am215_interior_V1_SHDSG", "am215_interior_05_008": "am215_interior_V1_SHDSG", "am215_interior_05_010": "am215_interior_V1_SHDSG", "am215_interior_05_005": "am215_interior_V1_SHDSG", "am215_interior_05_004": "am215_interior_V1_SHDSG", "am215_interior_05_007": "am215_interior_V1_SHDSG", "am215_interior_05_006": "am215_interior_V1_SHDSG", "am215_interior_05_001": "am215_interior_V1_SHDSG", "am215_interior_05_003": "am215_interior_V1_SHDSG", "am215_interior_05_002": "am215_interior_V1_SHDSG"}, "AM215_038": {"577": "AM215_props_Shop_exposition_V2_SHDSG", "4828": "AM215_props_Shop_exposition_V7_SHDSG", "am215_interior_02_008": "am215_interior_V4_SHDSG", "am215_interior_02_006": "am215_interior_V4_SHDSG", "am215_interior_02_007": "am215_interior_V4_SHDSG", "am215_interior_02_004": "am215_interior_V4_SHDSG", "am215_interior_02_005": "am215_interior_V4_SHDSG", "am215_interior_03_007": "am215_interior_V2_SHDSG", "am215_interior_02_003": "am215_interior_V4_SHDSG", "am215_interior_01_008": "am215_interior_V5_SHDSG", "am215_interior_04_003": "am215_interior_V3_SHDSG", "am215_interior_01_003": "am215_interior_V5_SHDSG", "am215_interior_03_008": "am215_interior_V2_SHDSG", "am215_interior_01_001": "am215_interior_V5_SHDSG", "am215_interior_03_006": "am215_interior_V2_SHDSG", "am215_interior_03_005": "am215_interior_V2_SHDSG", "am215_interior_03_004": "am215_interior_V2_SHDSG", "am215_interior_03_003": "am215_interior_V2_SHDSG", "am215_interior_03_002": "am215_interior_V2_SHDSG", "am215_interior_03_001": "am215_interior_V2_SHDSG", "am215_interior_01_006": "am215_interior_V5_SHDSG", "am215_shop_interior_v1": "am215_Shop_interior_V1_SHDSG", "am215_interior_01_002": "am215_interior_V5_SHDSG", "am215_interior_04_008": "am215_interior_V3_SHDSG", "am215_interior_04_009": "am215_interior_V3_SHDSG", "am215_shop_interior_v002": "am215_Shop_interior_V1_SHDSG", "am215_interior_04_004": "am215_interior_V3_SHDSG", "am215_interior_01_005": "am215_interior_V5_SHDSG", "am215_interior_04_006": "am215_interior_V3_SHDSG", "am215_interior_04_007": "am215_interior_V3_SHDSG", "am215_interior_04_002": "am215_interior_V3_SHDSG", "am215_interior_01_004": "am215_interior_V5_SHDSG", "745": "AM215_props_Shop_exposition_V5_SHDSG", "am215_interior_01_007": "am215_interior_V5_SHDSG", "am215_interior_04_005": "am215_interior_V3_SHDSG", "am215_interior_05_005": "am215_interior_V1_SHDSG", "am215_interior_05_004": "am215_interior_V1_SHDSG", "am215_interior_05_006": "am215_interior_V1_SHDSG", "am215_interior_05_001": "am215_interior_V1_SHDSG", "970": "AM215_props_Shop_exposition_V6_SHDSG", "am215_interior_05_003": "am215_interior_V1_SHDSG", "am215_interior_05_002": "am215_interior_V1_SHDSG"}, "AM215_046": {"577": "AM215_props_Shop_exposition_V2_SHDSG", "962": "AM215_props_Shop_exposition_V6_SHDSG", "am215_interior_02_002": "am215_interior_V4_SHDSG", "am215_interior_02_003": "am215_interior_V4_SHDSG", "am215_interior_01_001": "am215_interior_V5_SHDSG", "am215_interior_01_002": "am215_interior_V5_SHDSG", "am215_interior_03_003": "am215_interior_V2_SHDSG", "am215_interior_03_002": "am215_interior_V2_SHDSG", "am215_interior_03_001": "am215_interior_V2_SHDSG", "am215_interior_03_004": "am215_interior_V2_SHDSG", "4828": "AM215_props_Shop_exposition_V7_SHDSG", "am215_interior_04_004": "am215_interior_V3_SHDSG", "am215_interior_04_005": "am215_interior_V3_SHDSG", "am215_interior_04_002": "am215_interior_V3_SHDSG", "am215_interior_04_003": "am215_interior_V3_SHDSG", "am215_interior_05_008": "am215_interior_V1_SHDSG", "4407": "AM215_props_Shop_exposition_V10_SHDSG", "am215_interior_05_005": "am215_interior_V1_SHDSG", "am215_interior_05_004": "am215_interior_V1_SHDSG", "am215_interior_05_007": "am215_interior_V1_SHDSG", "am215_interior_05_006": "am215_interior_V1_SHDSG", "am215_interior_05_001": "am215_interior_V1_SHDSG", "am215_interior_05_003": "am215_interior_V1_SHDSG", "am215_interior_05_002": "am215_interior_V1_SHDSG"}, "AM215_047": {"am215_interior_02_008": "am215_interior_V4_SHDSG", "am215_interior_02_009": "am215_interior_V4_SHDSG", "am215_interior_03_005": "am215_interior_V2_SHDSG", "am215_interior_02_007": "am215_interior_V4_SHDSG", "am215_interior_03_007": "am215_interior_V2_SHDSG", "am215_interior_01_009": "am215_interior_V5_SHDSG", "am215_interior_01_008": "am215_interior_V5_SHDSG", "am215_interior_02_020": "am215_interior_V4_SHDSG", "am215_interior_01_013": "am215_interior_V5_SHDSG", "am215_interior_01_003": "am215_interior_V5_SHDSG", "am215_interior_01_005": "am215_interior_V5_SHDSG", "am215_interior_01_004": "am215_interior_V5_SHDSG", "am215_interior_01_007": "am215_interior_V5_SHDSG", "am215_interior_01_006": "am215_interior_V5_SHDSG", "802": "AM215_props_Shop_exposition_V4_SHDSG", "am215_interior_03_004": "am215_interior_V2_SHDSG", "am215_interior_04_008": "am215_interior_V3_SHDSG", "am215_interior_04_009": "am215_interior_V3_SHDSG", "am215_interior_04_004": "am215_interior_V3_SHDSG", "am215_interior_04_005": "am215_interior_V3_SHDSG", "am215_interior_04_006": "am215_interior_V3_SHDSG", "am215_interior_04_007": "am215_interior_V3_SHDSG", "am215_interior_05_020": "am215_interior_V1_SHDSG", "am215_interior_02_006": "am215_interior_V4_SHDSG", "am215_interior_05_018": "am215_interior_V1_SHDSG", "am215_interior_05_019": "am215_interior_V1_SHDSG", "am215_interior_05_016": "am215_interior_V1_SHDSG", "am215_interior_05_017": "am215_interior_V1_SHDSG", "am215_interior_05_014": "am215_interior_V1_SHDSG", "am215_interior_05_015": "am215_interior_V1_SHDSG", "am215_interior_05_012": "am215_interior_V1_SHDSG", "am215_interior_05_013": "am215_interior_V1_SHDSG", "am215_interior_05_010": "am215_interior_V1_SHDSG", "am215_interior_05_011": "am215_interior_V1_SHDSG", "577": "AM215_props_Shop_exposition_V2_SHDSG", "am215_interior_02_019": "am215_interior_V4_SHDSG", "am215_interior_02_018": "am215_interior_V4_SHDSG", "am215_interior_02_015": "am215_interior_V4_SHDSG", "am215_interior_02_014": "am215_interior_V4_SHDSG", "am215_interior_02_017": "am215_interior_V4_SHDSG", "am215_interior_02_016": "am215_interior_V4_SHDSG", "am215_interior_02_011": "am215_interior_V4_SHDSG", "am215_interior_02_010": "am215_interior_V4_SHDSG", "am215_interior_02_013": "am215_interior_V4_SHDSG", "am215_interior_02_012": "am215_interior_V4_SHDSG", "am215_interior_03_009": "am215_interior_V2_SHDSG", "am215_interior_03_008": "am215_interior_V2_SHDSG", "am215_interior_01_012": "am215_interior_V5_SHDSG", "am215_interior_03_006": "am215_interior_V2_SHDSG", "am215_interior_01_010": "am215_interior_V5_SHDSG", "am215_interior_01_011": "am215_interior_V5_SHDSG", "am215_interior_05_021": "am215_interior_V1_SHDSG", "am215_interior_03_001": "am215_interior_V2_SHDSG", "am215_interior_04_013": "am215_interior_V3_SHDSG", "am215_interior_04_012": "am215_interior_V3_SHDSG", "am215_interior_04_011": "am215_interior_V3_SHDSG", "am215_interior_04_010": "am215_interior_V3_SHDSG", "am215_interior_04_016": "am215_interior_V3_SHDSG", "am215_interior_04_015": "am215_interior_V3_SHDSG", "am215_interior_04_014": "am215_interior_V3_SHDSG", "am215_interior_05_009": "am215_interior_V1_SHDSG", "am215_interior_05_008": "am215_interior_V1_SHDSG", "am215_interior_05_005": "am215_interior_V1_SHDSG", "am215_interior_05_004": "am215_interior_V1_SHDSG", "am215_interior_05_007": "am215_interior_V1_SHDSG", "am215_interior_05_006": "am215_interior_V1_SHDSG", "1276": "AM215_props_Shop_exposition_V3_SHDSG", "am215_interior_05_003": "am215_interior_V1_SHDSG"}, "AM215_044": {"962": "AM215_props_Shop_exposition_V6_SHDSG", "963": "AM215_props_Shop_exposition_V5_SHDSG", "am215_interior_02_008": "am215_interior_V4_SHDSG", "am215_interior_02_006": "am215_interior_V4_SHDSG", "am215_interior_02_007": "am215_interior_V4_SHDSG", "am215_interior_01_013": "am215_interior_V5_SHDSG", "am215_interior_01_009": "am215_interior_V5_SHDSG", "am215_interior_01_008": "am215_interior_V5_SHDSG", "am215_interior_01_003": "am215_interior_V5_SHDSG", "am215_interior_03_008": "am215_interior_V2_SHDSG", "am215_interior_03_007": "am215_interior_V2_SHDSG", "am215_interior_03_006": "am215_interior_V2_SHDSG", "am215_interior_03_005": "am215_interior_V2_SHDSG", "am215_interior_03_004": "am215_interior_V2_SHDSG", "am215_interior_03_003": "am215_interior_V2_SHDSG", "am215_interior_01_004": "am215_interior_V5_SHDSG", "am215_interior_01_014": "am215_interior_V5_SHDSG", "am215_interior_01_006": "am215_interior_V5_SHDSG", "am215_interior_01_011": "am215_interior_V5_SHDSG", "4828": "AM215_props_Shop_exposition_V7_SHDSG", "am215_interior_01_010": "am215_interior_V5_SHDSG", "am215_interior_01_005": "am215_interior_V5_SHDSG", "am215_interior_04_006": "am215_interior_V3_SHDSG", "am215_interior_01_012": "am215_interior_V5_SHDSG", "am215_interior_04_004": "am215_interior_V3_SHDSG", "am215_interior_01_007": "am215_interior_V5_SHDSG", "am215_interior_04_005": "am215_interior_V3_SHDSG", "am215_interior_05_005": "am215_interior_V1_SHDSG", "am215_interior_05_004": "am215_interior_V1_SHDSG", "am215_interior_05_007": "am215_interior_V1_SHDSG", "am215_interior_05_006": "am215_interior_V1_SHDSG", "am215_interior_05_003": "am215_interior_V1_SHDSG", "am215_interior_05_008": "am215_interior_V1_SHDSG"}, "AM215_045": {"am215_interior_03_007": "am215_interior_V2_SHDSG", "4828": "AM215_props_Shop_exposition_V7_SHDSG", "am215_interior_02_008": "am215_interior_V4_SHDSG", "am215_interior_02_009": "am215_interior_V4_SHDSG", "am215_interior_02_006": "am215_interior_V4_SHDSG", "am215_interior_02_007": "am215_interior_V4_SHDSG", "am215_interior_02_004": "am215_interior_V4_SHDSG", "am215_interior_02_005": "am215_interior_V4_SHDSG", "am215_interior_02_002": "am215_interior_V4_SHDSG", "am215_interior_02_003": "am215_interior_V4_SHDSG", "am215_interior_01_008": "am215_interior_V5_SHDSG", "am215_interior_04_003": "am215_interior_V3_SHDSG", "am215_interior_01_003": "am215_interior_V5_SHDSG", "am215_interior_03_008": "am215_interior_V2_SHDSG", "am215_interior_01_001": "am215_interior_V5_SHDSG", "am215_interior_03_006": "am215_interior_V2_SHDSG", "am215_interior_03_005": "am215_interior_V2_SHDSG", "am215_interior_03_004": "am215_interior_V2_SHDSG", "am215_interior_03_003": "am215_interior_V2_SHDSG", "am215_interior_03_002": "am215_interior_V2_SHDSG", "am215_interior_03_001": "am215_interior_V2_SHDSG", "am215_interior_01_006": "am215_interior_V5_SHDSG", "am215_interior_01_002": "am215_interior_V5_SHDSG", "am215_interior_04_008": "am215_interior_V3_SHDSG", "am215_interior_04_009": "am215_interior_V3_SHDSG", "am215_interior_04_004": "am215_interior_V3_SHDSG", "am215_interior_01_005": "am215_interior_V5_SHDSG", "am215_interior_04_006": "am215_interior_V3_SHDSG", "am215_interior_04_007": "am215_interior_V3_SHDSG", "am215_interior_04_002": "am215_interior_V3_SHDSG", "am215_interior_01_004": "am215_interior_V5_SHDSG", "1970": "AM215_props_Shop_exposition_V8_SHDSG", "am215_interior_05_008": "am215_interior_V1_SHDSG", "am215_interior_01_007": "am215_interior_V5_SHDSG", "am215_interior_04_005": "am215_interior_V3_SHDSG", "am215_interior_05_005": "am215_interior_V1_SHDSG", "am215_interior_05_004": "am215_interior_V1_SHDSG", "am215_interior_05_007": "am215_interior_V1_SHDSG", "am215_interior_05_006": "am215_interior_V1_SHDSG", "am215_interior_05_001": "am215_interior_V1_SHDSG", "am215_interior_05_003": "am215_interior_V1_SHDSG", "am215_interior_05_002": "am215_interior_V1_SHDSG"}, "AM215_028": {"am215_interior_04_004": "am215_interior_V3_SHDSG", "am215_interior_01_002": "am215_interior_V5_SHDSG", "am215_interior_02_006": "am215_interior_V4_SHDSG", "am215_interior_01_003": "am215_interior_V5_SHDSG", "am215_interior_02_005": "am215_interior_V4_SHDSG", "am215_interior_03_003": "am215_interior_V2_SHDSG", "am215_interior_03_002": "am215_interior_V2_SHDSG", "am215_interior_04_003": "am215_interior_V3_SHDSG"}, "AM215_048": {"am215_interior_02_004": "am215_interior_V4_SHDSG", "am215_interior_02_005": "am215_interior_V4_SHDSG", "am215_interior_02_002": "am215_interior_V4_SHDSG", "am215_interior_02_003": "am215_interior_V4_SHDSG", "am215_interior_01_009": "am215_interior_V5_SHDSG", "am215_interior_01_008": "am215_interior_V5_SHDSG", "am215_interior_01_013": "am215_interior_V5_SHDSG", "am215_interior_03_010": "am215_interior_V2_SHDSG", "am215_interior_01_003": "am215_interior_V5_SHDSG", "am215_interior_01_002": "am215_interior_V5_SHDSG", "am215_interior_01_005": "am215_interior_V5_SHDSG", "am215_interior_01_010": "am215_interior_V5_SHDSG", "am215_interior_01_007": "am215_interior_V5_SHDSG", "am215_interior_01_006": "am215_interior_V5_SHDSG", "am215_interior_03_004": "am215_interior_V2_SHDSG", "am215_interior_04_008": "am215_interior_V3_SHDSG", "am215_interior_04_009": "am215_interior_V3_SHDSG", "am215_interior_04_004": "am215_interior_V3_SHDSG", "am215_interior_04_005": "am215_interior_V3_SHDSG", "am215_interior_04_006": "am215_interior_V3_SHDSG", "am215_interior_04_007": "am215_interior_V3_SHDSG", "am215_interior_04_002": "am215_interior_V3_SHDSG", "am215_interior_01_004": "am215_interior_V5_SHDSG", "am215_interior_01_014": "am215_interior_V5_SHDSG", "4407": "AM215_props_Shop_exposition_V10_SHDSG", "927": "AM215_props_Shop_exposition_V9_SHDSG", "am215_interior_05_012": "am215_interior_V1_SHDSG", "am215_interior_05_010": "am215_interior_V1_SHDSG", "am215_interior_05_011": "am215_interior_V1_SHDSG", "962": "AM215_props_Shop_exposition_V6_SHDSG", "am215_interior_04_003": "am215_interior_V3_SHDSG", "am215_interior_03_009": "am215_interior_V2_SHDSG", "am215_interior_03_008": "am215_interior_V2_SHDSG", "am215_interior_03_007": "am215_interior_V2_SHDSG", "am215_interior_03_006": "am215_interior_V2_SHDSG", "am215_interior_03_005": "am215_interior_V2_SHDSG", "am215_interior_01_011": "am215_interior_V5_SHDSG", "am215_interior_03_003": "am215_interior_V2_SHDSG", "am215_interior_03_002": "am215_interior_V2_SHDSG", "am215_interior_03_001": "am215_interior_V2_SHDSG", "am215_interior_04_013": "am215_interior_V3_SHDSG", "am215_interior_04_012": "am215_interior_V3_SHDSG", "am215_interior_04_011": "am215_interior_V3_SHDSG", "am215_interior_04_010": "am215_interior_V3_SHDSG", "am215_interior_01_012": "am215_interior_V5_SHDSG", "am215_interior_05_009": "am215_interior_V1_SHDSG", "am215_interior_05_008": "am215_interior_V1_SHDSG", "am215_interior_01_001": "am215_interior_V5_SHDSG", "am215_interior_05_005": "am215_interior_V1_SHDSG", "am215_interior_05_004": "am215_interior_V1_SHDSG", "am215_interior_05_007": "am215_interior_V1_SHDSG", "am215_interior_05_006": "am215_interior_V1_SHDSG", "am215_interior_05_001": "am215_interior_V1_SHDSG", "am215_interior_05_003": "am215_interior_V1_SHDSG", "am215_interior_05_002": "am215_interior_V1_SHDSG"}, "AM215_049": {"am215_interior_02_008": "am215_interior_V4_SHDSG", "am215_interior_02_009": "am215_interior_V4_SHDSG", "am215_interior_02_006": "am215_interior_V4_SHDSG", "am215_interior_02_007": "am215_interior_V4_SHDSG", "970": "AM215_props_Shop_exposition_V6_SHDSG", "am215_interior_02_011": "am215_interior_V4_SHDSG", "am215_interior_02_003": "am215_interior_V4_SHDSG", "am215_interior_02_013": "am215_interior_V4_SHDSG", "am215_interior_02_010": "am215_interior_V4_SHDSG", "am215_interior_03_007": "am215_interior_V2_SHDSG", "am215_interior_02_002": "am215_interior_V4_SHDSG", "745": "AM215_props_Shop_exposition_V5_SHDSG", "am215_interior_01_001": "am215_interior_V5_SHDSG", "am215_interior_03_006": "am215_interior_V2_SHDSG", "am215_interior_01_003": "am215_interior_V5_SHDSG", "am215_interior_03_004": "am215_interior_V2_SHDSG", "am215_interior_03_003": "am215_interior_V2_SHDSG", "am215_interior_01_004": "am215_interior_V5_SHDSG", "am215_interior_03_001": "am215_interior_V2_SHDSG", "am215_interior_01_006": "am215_interior_V5_SHDSG", "am215_interior_04_005": "am215_interior_V3_SHDSG", "am215_interior_05_006": "am215_interior_V1_SHDSG", "am215_interior_04_008": "am215_interior_V3_SHDSG", "am215_interior_04_004": "am215_interior_V3_SHDSG", "am215_interior_01_005": "am215_interior_V5_SHDSG", "am215_interior_04_006": "am215_interior_V3_SHDSG", "am215_interior_04_007": "am215_interior_V3_SHDSG", "am215_interior_04_002": "am215_interior_V3_SHDSG", "am215_interior_03_005": "am215_interior_V2_SHDSG", "am215_interior_02_015": "am215_interior_V4_SHDSG", "am215_interior_01_007": "am215_interior_V5_SHDSG", "am215_interior_02_014": "am215_interior_V4_SHDSG", "am215_interior_05_005": "am215_interior_V1_SHDSG", "am215_interior_05_004": "am215_interior_V1_SHDSG", "am215_interior_05_007": "am215_interior_V1_SHDSG", "am215_interior_02_012": "am215_interior_V4_SHDSG", "am215_interior_05_001": "am215_interior_V1_SHDSG", "am215_interior_05_003": "am215_interior_V1_SHDSG"}, "AM215_029": {"am215_interior_02_006": "am215_interior_V4_SHDSG", "am215_interior_05_001": "am215_interior_V1_SHDSG", "am215_interior_02_004": "am215_interior_V4_SHDSG", "am215_interior_02_005": "am215_interior_V4_SHDSG", "am215_interior_02_002": "am215_interior_V4_SHDSG", "am215_interior_02_003": "am215_interior_V4_SHDSG", "am215_interior_04_003": "am215_interior_V3_SHDSG", "am215_interior_05_003": "am215_interior_V1_SHDSG", "am215_interior_01_001": "am215_interior_V5_SHDSG", "am215_interior_01_003": "am215_interior_V5_SHDSG", "am215_interior_01_002": "am215_interior_V5_SHDSG", "am215_interior_03_003": "am215_interior_V2_SHDSG", "am215_interior_03_002": "am215_interior_V2_SHDSG", "am215_interior_03_001": "am215_interior_V2_SHDSG"}, "AM215_041": {"am215_interior_02_008": "am215_interior_V4_SHDSG", "am215_interior_02_009": "am215_interior_V4_SHDSG", "am215_interior_02_006": "am215_interior_V4_SHDSG", "am215_interior_02_007": "am215_interior_V4_SHDSG", "am215_interior_02_004": "am215_interior_V4_SHDSG", "am215_interior_02_005": "am215_interior_V4_SHDSG", "am215_interior_02_002": "am215_interior_V4_SHDSG", "am215_interior_02_003": "am215_interior_V4_SHDSG", "am215_interior_01_001": "am215_interior_V5_SHDSG", "am215_interior_03_004": "am215_interior_V2_SHDSG", "am215_interior_03_003": "am215_interior_V2_SHDSG", "am215_interior_03_002": "am215_interior_V2_SHDSG", "am215_interior_03_001": "am215_interior_V2_SHDSG", "802": "AM215_props_Shop_exposition_V4_SHDSG", "am215_interior_01_002": "am215_interior_V5_SHDSG", "1670": "AM215_props_Shop_exposition_V1_SHDSG", "am215_interior_04_004": "am215_interior_V3_SHDSG", "am215_interior_04_005": "am215_interior_V3_SHDSG", "am215_interior_04_002": "am215_interior_V3_SHDSG", "am215_interior_04_003": "am215_interior_V3_SHDSG", "1276": "AM215_props_Shop_exposition_V3_SHDSG", "am215_interior_05_004": "am215_interior_V1_SHDSG", "am215_interior_05_001": "am215_interior_V1_SHDSG", "am215_interior_05_003": "am215_interior_V1_SHDSG", "am215_interior_05_002": "am215_interior_V1_SHDSG"}, "AM215_039": {"am215_interior_02_008": "am215_interior_V4_SHDSG", "am215_interior_02_009": "am215_interior_V4_SHDSG", "am215_interior_02_006": "am215_interior_V4_SHDSG", "am215_interior_02_007": "am215_interior_V4_SHDSG", "am215_interior_02_004": "am215_interior_V4_SHDSG", "am215_interior_02_005": "am215_interior_V4_SHDSG", "am215_interior_02_002": "am215_interior_V4_SHDSG", "am215_interior_02_003": "am215_interior_V4_SHDSG", "am215_interior_01_001": "am215_interior_V5_SHDSG", "am215_interior_01_003": "am215_interior_V5_SHDSG", "am215_interior_01_002": "am215_interior_V5_SHDSG", "am215_interior_01_005": "am215_interior_V5_SHDSG", "am215_interior_01_004": "am215_interior_V5_SHDSG", "am215_interior_01_006": "am215_interior_V5_SHDSG", "am215_shop_interior_v1": "am215_Shop_interior_V1_SHDSG", "am215_interior_04_008": "am215_interior_V3_SHDSG", "am215_interior_04_009": "am215_interior_V3_SHDSG", "am215_shop_interior_v002": "am215_Shop_interior_V1_SHDSG", "am215_interior_04_004": "am215_interior_V3_SHDSG", "am215_interior_04_005": "am215_interior_V3_SHDSG", "am215_interior_04_006": "am215_interior_V3_SHDSG", "am215_interior_04_007": "am215_interior_V3_SHDSG", "am215_interior_04_002": "am215_interior_V3_SHDSG", "am215_interior_04_003": "am215_interior_V3_SHDSG", "am215_interior_05_012": "am215_interior_V1_SHDSG", "am215_interior_05_010": "am215_interior_V1_SHDSG", "am215_interior_05_011": "am215_interior_V1_SHDSG", "577": "AM215_props_Shop_exposition_V2_SHDSG", "970": "AM215_props_Shop_exposition_V6_SHDSG", "am215_interior_02_011": "am215_interior_V4_SHDSG", "am215_interior_02_010": "am215_interior_V4_SHDSG", "am215_interior_02_013": "am215_interior_V4_SHDSG", "am215_interior_02_012": "am215_interior_V4_SHDSG", "am215_interior_03_004": "am215_interior_V2_SHDSG", "am215_interior_03_003": "am215_interior_V2_SHDSG", "am215_interior_03_002": "am215_interior_V2_SHDSG", "am215_interior_03_001": "am215_interior_V2_SHDSG", "am215_interior_04_013": "am215_interior_V3_SHDSG", "am215_interior_04_012": "am215_interior_V3_SHDSG", "am215_interior_04_011": "am215_interior_V3_SHDSG", "am215_interior_04_010": "am215_interior_V3_SHDSG", "am215_interior_04_017": "am215_interior_V3_SHDSG", "am215_interior_04_016": "am215_interior_V3_SHDSG", "am215_interior_04_015": "am215_interior_V3_SHDSG", "am215_interior_04_014": "am215_interior_V3_SHDSG", "745": "AM215_props_Shop_exposition_V5_SHDSG", "1670": "AM215_props_Shop_exposition_V1_SHDSG", "am215_interior_05_009": "am215_interior_V1_SHDSG", "am215_interior_05_008": "am215_interior_V1_SHDSG", "am215_interior_05_005": "am215_interior_V1_SHDSG", "am215_interior_05_004": "am215_interior_V1_SHDSG", "am215_interior_05_007": "am215_interior_V1_SHDSG", "am215_interior_05_006": "am215_interior_V1_SHDSG", "am215_interior_05_001": "am215_interior_V1_SHDSG", "am215_interior_05_003": "am215_interior_V1_SHDSG", "am215_interior_05_002": "am215_interior_V1_SHDSG"}, "AM215_033": {"577": "AM215_props_Shop_exposition_V2_SHDSG", "927": "AM215_props_Shop_exposition_V9_SHDSG", "am215_interior_02_008": "am215_interior_V4_SHDSG", "am215_interior_02_006": "am215_interior_V4_SHDSG", "am215_interior_02_007": "am215_interior_V4_SHDSG", "am215_interior_02_003": "am215_interior_V4_SHDSG", "am215_interior_01_008": "am215_interior_V5_SHDSG", "am215_interior_01_005": "am215_interior_V5_SHDSG", "am215_interior_03_005": "am215_interior_V2_SHDSG", "am215_interior_03_004": "am215_interior_V2_SHDSG", "am215_interior_03_003": "am215_interior_V2_SHDSG", "am215_interior_01_003": "am215_interior_V5_SHDSG", "am215_interior_03_001": "am215_interior_V2_SHDSG", "am215_interior_01_006": "am215_interior_V5_SHDSG", "802": "AM215_props_Shop_exposition_V4_SHDSG", "am215_interior_04_010": "am215_interior_V3_SHDSG", "am215_interior_04_008": "am215_interior_V3_SHDSG", "am215_interior_04_009": "am215_interior_V3_SHDSG", "am215_interior_04_004": "am215_interior_V3_SHDSG", "am215_interior_04_005": "am215_interior_V3_SHDSG", "am215_interior_04_006": "am215_interior_V3_SHDSG", "am215_interior_04_007": "am215_interior_V3_SHDSG", "am215_interior_04_002": "am215_interior_V3_SHDSG", "am215_interior_01_004": "am215_interior_V5_SHDSG", "am215_interior_01_007": "am215_interior_V5_SHDSG", "4407": "AM215_props_Shop_exposition_V10_SHDSG", "am215_interior_05_005": "am215_interior_V1_SHDSG", "am215_interior_05_004": "am215_interior_V1_SHDSG", "am215_interior_05_006": "am215_interior_V1_SHDSG", "1276": "AM215_props_Shop_exposition_V3_SHDSG", "am215_interior_05_003": "am215_interior_V1_SHDSG"}, "AM215_032": {"am215_interior_03_003": "am215_interior_V2_SHDSG", "am215_interior_02_011": "am215_interior_V4_SHDSG", "am215_interior_02_008": "am215_interior_V4_SHDSG", "am215_interior_02_009": "am215_interior_V4_SHDSG", "am215_interior_02_006": "am215_interior_V4_SHDSG", "am215_interior_02_007": "am215_interior_V4_SHDSG", "am215_interior_02_002": "am215_interior_V4_SHDSG", "am215_interior_02_003": "am215_interior_V4_SHDSG", "am215_interior_04_002": "am215_interior_V3_SHDSG", "am215_interior_02_010": "am215_interior_V4_SHDSG", "am215_interior_04_004": "am215_interior_V3_SHDSG", "am215_interior_05_001": "am215_interior_V1_SHDSG", "am215_interior_05_003": "am215_interior_V1_SHDSG", "am215_interior_04_005": "am215_interior_V3_SHDSG", "am215_interior_01_001": "am215_interior_V5_SHDSG", "am215_interior_01_003": "am215_interior_V5_SHDSG", "am215_interior_03_004": "am215_interior_V2_SHDSG", "am215_interior_01_005": "am215_interior_V5_SHDSG", "am215_interior_01_004": "am215_interior_V5_SHDSG", "am215_interior_03_001": "am215_interior_V2_SHDSG", "1151": "AM215_props_Shop_exposition_V2_SHDSG"}, "AM215_030": {"4407": "AM215_props_Shop_exposition_V10_SHDSG", "am215_interior_02_016": "am215_interior_V4_SHDSG", "am215_interior_02_008": "am215_interior_V4_SHDSG", "am215_interior_02_009": "am215_interior_V4_SHDSG", "am215_interior_02_006": "am215_interior_V4_SHDSG", "am215_interior_02_007": "am215_interior_V4_SHDSG", "am215_interior_02_004": "am215_interior_V4_SHDSG", "am215_interior_02_005": "am215_interior_V4_SHDSG", "am215_interior_02_011": "am215_interior_V4_SHDSG", "am215_interior_02_003": "am215_interior_V4_SHDSG", "am215_interior_02_013": "am215_interior_V4_SHDSG", "am215_interior_02_012": "am215_interior_V4_SHDSG", "am215_interior_01_008": "am215_interior_V5_SHDSG", "am215_interior_04_003": "am215_interior_V3_SHDSG", "am215_interior_02_002": "am215_interior_V4_SHDSG", "am215_interior_01_001": "am215_interior_V5_SHDSG", "am215_interior_01_003": "am215_interior_V5_SHDSG", "am215_interior_01_002": "am215_interior_V5_SHDSG", "am215_interior_01_005": "am215_interior_V5_SHDSG", "am215_interior_01_004": "am215_interior_V5_SHDSG", "am215_interior_01_007": "am215_interior_V5_SHDSG", "am215_interior_01_006": "am215_interior_V5_SHDSG", "am215_interior_04_005": "am215_interior_V3_SHDSG", "am215_interior_02_010": "am215_interior_V4_SHDSG", "am215_interior_03_004": "am215_interior_V2_SHDSG", "4828": "AM215_props_Shop_exposition_V7_SHDSG", "am215_interior_04_004": "am215_interior_V3_SHDSG", "am215_interior_03_003": "am215_interior_V2_SHDSG", "am215_interior_04_006": "am215_interior_V3_SHDSG", "am215_interior_03_002": "am215_interior_V2_SHDSG", "am215_interior_03_005": "am215_interior_V2_SHDSG", "am215_interior_02_015": "am215_interior_V4_SHDSG", "1970": "AM215_props_Shop_exposition_V8_SHDSG", "am215_interior_02_014": "am215_interior_V4_SHDSG", "am215_interior_05_005": "am215_interior_V1_SHDSG", "am215_interior_05_004": "am215_interior_V1_SHDSG", "927": "AM215_props_Shop_exposition_V9_SHDSG", "am215_interior_02_017": "am215_interior_V4_SHDSG", "am215_interior_05_003": "am215_interior_V1_SHDSG", "am215_interior_05_002": "am215_interior_V1_SHDSG"}, "AM215_019": {"am215_interior_01_002": "am215_interior_V5_SHDSG", "am215_interior_04_003": "am215_interior_V3_SHDSG", "745": "AM215_props_Shop_exposition_V5_SHDSG", "am215_interior_02_005": "am215_interior_V4_SHDSG", "am215_interior_03_002": "am215_interior_V2_SHDSG", "am215_interior_05_003": "am215_interior_V1_SHDSG", "am215_interior_05_002": "am215_interior_V1_SHDSG"}, "AM215_018": {"am215_interior_02_005": "am215_interior_V4_SHDSG", "am215_interior_01_001": "am215_interior_V5_SHDSG", "4828": "AM215_props_Shop_exposition_V7_SHDSG", "am215_interior_01_002": "am215_interior_V5_SHDSG", "am215_interior_02_002": "am215_interior_V4_SHDSG", "am215_interior_03_002": "am215_interior_V2_SHDSG", "am215_interior_03_001": "am215_interior_V2_SHDSG"}, "AM215_035": {"am215_interior_03_003": "am215_interior_V2_SHDSG", "am215_interior_02_008": "am215_interior_V4_SHDSG", "am215_interior_02_009": "am215_interior_V4_SHDSG", "am215_interior_02_006": "am215_interior_V4_SHDSG", "am215_interior_02_007": "am215_interior_V4_SHDSG", "970": "AM215_props_Shop_exposition_V6_SHDSG", "am215_interior_02_002": "am215_interior_V4_SHDSG", "am215_interior_01_003": "am215_interior_V5_SHDSG", "am215_interior_03_004": "am215_interior_V2_SHDSG", "am215_interior_01_005": "am215_interior_V5_SHDSG", "am215_interior_01_004": "am215_interior_V5_SHDSG", "am215_interior_03_001": "am215_interior_V2_SHDSG", "927": "AM215_props_Shop_exposition_V9_SHDSG", "am215_interior_04_004": "am215_interior_V3_SHDSG", "am215_interior_04_005": "am215_interior_V3_SHDSG", "am215_interior_04_006": "am215_interior_V3_SHDSG", "am215_interior_04_007": "am215_interior_V3_SHDSG", "1970": "AM215_props_Shop_exposition_V8_SHDSG", "am215_interior_05_005": "am215_interior_V1_SHDSG", "am215_interior_05_004": "am215_interior_V1_SHDSG", "1276": "AM215_props_Shop_exposition_V3_SHDSG", "am215_interior_05_003": "am215_interior_V1_SHDSG"}, "AM215_034": {"3101": "AM215_props_Shop_exposition_V5_SHDSG", "am215_interior_02_008": "am215_interior_V4_SHDSG", "am215_interior_02_009": "am215_interior_V4_SHDSG", "am215_interior_02_006": "am215_interior_V4_SHDSG", "am215_interior_02_007": "am215_interior_V4_SHDSG", "970": "AM215_props_Shop_exposition_V6_SHDSG", "4407": "AM215_props_Shop_exposition_V10_SHDSG", "am215_interior_02_011": "am215_interior_V4_SHDSG", "am215_interior_02_010": "am215_interior_V4_SHDSG", "am215_interior_02_013": "am215_interior_V4_SHDSG", "am215_interior_02_012": "am215_interior_V4_SHDSG", "am215_interior_01_005": "am215_interior_V5_SHDSG", "am215_interior_03_005": "am215_interior_V2_SHDSG", "am215_interior_03_004": "am215_interior_V2_SHDSG", "am215_interior_03_003": "am215_interior_V2_SHDSG", "am215_interior_01_003": "am215_interior_V5_SHDSG", "am215_interior_03_001": "am215_interior_V2_SHDSG", "am215_interior_01_006": "am215_interior_V5_SHDSG", "am215_interior_04_004": "am215_interior_V3_SHDSG", "am215_interior_04_005": "am215_interior_V3_SHDSG", "am215_interior_04_006": "am215_interior_V3_SHDSG", "am215_interior_04_002": "am215_interior_V3_SHDSG", "am215_interior_01_004": "am215_interior_V5_SHDSG", "6430": "AM215_props_Shop_exposition_V7_SHDSG", "am215_interior_02_014": "am215_interior_V4_SHDSG", "am215_interior_05_005": "am215_interior_V1_SHDSG", "am215_interior_05_004": "am215_interior_V1_SHDSG", "am215_interior_05_001": "am215_interior_V1_SHDSG", "am215_interior_05_003": "am215_interior_V1_SHDSG"}, "AM215_015": {"am215_interior_02_008": "am215_interior_V4_SHDSG", "am215_interior_02_009": "am215_interior_V4_SHDSG", "am215_interior_02_006": "am215_interior_V4_SHDSG", "am215_interior_02_007": "am215_interior_V4_SHDSG", "am215_interior_02_004": "am215_interior_V4_SHDSG", "am215_interior_02_005": "am215_interior_V4_SHDSG", "am215_interior_02_002": "am215_interior_V4_SHDSG", "am215_interior_01_001": "am215_interior_V5_SHDSG", "am215_interior_01_003": "am215_interior_V5_SHDSG", "am215_interior_03_004": "am215_interior_V2_SHDSG", "am215_interior_03_003": "am215_interior_V2_SHDSG", "am215_interior_03_002": "am215_interior_V2_SHDSG", "am215_interior_03_001": "am215_interior_V2_SHDSG", "am215_interior_01_002": "am215_interior_V5_SHDSG", "966": "AM215_props_Shop_exposition_V6_SHDSG", "am215_interior_04_002": "am215_interior_V3_SHDSG", "am215_interior_04_003": "am215_interior_V3_SHDSG", "am215_interior_05_005": "am215_interior_V1_SHDSG", "am215_interior_05_004": "am215_interior_V1_SHDSG", "am215_interior_05_007": "am215_interior_V1_SHDSG", "am215_interior_05_006": "am215_interior_V1_SHDSG", "am215_interior_05_001": "am215_interior_V1_SHDSG", "am215_interior_05_003": "am215_interior_V1_SHDSG", "am215_interior_05_002": "am215_interior_V1_SHDSG"}, "AM215_014": {"am215_shop_interior_v1": "am215_Shop_interior_V1_SHDSG", "am215_interior_03_004": "am215_interior_V2_SHDSG", "802": "AM215_props_Shop_exposition_V4_SHDSG", "am215_interior_02_006": "am215_interior_V4_SHDSG", "am215_interior_02_007": "am215_interior_V4_SHDSG", "am215_interior_02_004": "am215_interior_V4_SHDSG", "am215_interior_02_005": "am215_interior_V4_SHDSG", "am215_interior_02_002": "am215_interior_V4_SHDSG", "am215_interior_02_003": "am215_interior_V4_SHDSG", "am215_interior_04_002": "am215_interior_V3_SHDSG", "am215_interior_04_003": "am215_interior_V3_SHDSG", "am215_interior_04_004": "am215_interior_V3_SHDSG", "4829": "AM215_props_Shop_exposition_V7_SHDSG", "1276": "AM215_props_Shop_exposition_V3_SHDSG", "745": "AM215_props_Shop_exposition_V5_SHDSG", "am215_interior_01_001": "am215_interior_V5_SHDSG", "am215_interior_01_002": "am215_interior_V5_SHDSG", "am215_interior_05_001": "am215_interior_V1_SHDSG", "am215_interior_03_002": "am215_interior_V2_SHDSG", "am215_interior_03_001": "am215_interior_V2_SHDSG", "621": "AM215_props_Shop_exposition_V6_SHDSG"}, "AM215_017": {"am215_interior_03_003": "am215_interior_V2_SHDSG", "am215_interior_02_004": "am215_interior_V4_SHDSG", "am215_interior_02_002": "am215_interior_V4_SHDSG", "am215_interior_04_002": "am215_interior_V3_SHDSG", "am215_interior_04_003": "am215_interior_V3_SHDSG", "am215_interior_01_001": "am215_interior_V5_SHDSG", "am215_interior_01_002": "am215_interior_V5_SHDSG", "am215_interior_05_001": "am215_interior_V1_SHDSG", "am215_interior_03_002": "am215_interior_V2_SHDSG", "am215_interior_03_001": "am215_interior_V2_SHDSG", "am215_interior_05_002": "am215_interior_V1_SHDSG"}, "AM215_016": {"am215_interior_02_006": "am215_interior_V4_SHDSG", "745": "AM215_props_Shop_exposition_V5_SHDSG", "am215_interior_02_004": "am215_interior_V4_SHDSG", "am215_interior_02_002": "am215_interior_V4_SHDSG", "970": "AM215_props_Shop_exposition_V6_SHDSG", "am215_interior_02_007": "am215_interior_V4_SHDSG", "am215_interior_01_001": "am215_interior_V5_SHDSG", "am215_interior_01_002": "am215_interior_V5_SHDSG", "am215_interior_03_002": "am215_interior_V2_SHDSG", "am215_interior_03_001": "am215_interior_V2_SHDSG", "am215_interior_05_002": "am215_interior_V1_SHDSG"}, "AM215_011": {"am215_interior_02_008": "am215_interior_V4_SHDSG", "am215_interior_02_009": "am215_interior_V4_SHDSG", "am215_interior_02_006": "am215_interior_V4_SHDSG", "am215_interior_02_007": "am215_interior_V4_SHDSG", "am215_interior_02_004": "am215_interior_V4_SHDSG", "am215_interior_02_005": "am215_interior_V4_SHDSG", "am215_interior_02_011": "am215_interior_V4_SHDSG", "am215_interior_02_003": "am215_interior_V4_SHDSG", "am215_interior_02_010": "am215_interior_V4_SHDSG", "am215_interior_01_001": "am215_interior_V5_SHDSG", "am215_interior_02_002": "am215_interior_V4_SHDSG", "am215_interior_03_008": "am215_interior_V2_SHDSG", "am215_interior_03_007": "am215_interior_V2_SHDSG", "am215_interior_03_006": "am215_interior_V2_SHDSG", "am215_interior_03_005": "am215_interior_V2_SHDSG", "am215_interior_03_004": "am215_interior_V2_SHDSG", "am215_interior_03_003": "am215_interior_V2_SHDSG", "am215_interior_03_002": "am215_interior_V2_SHDSG", "am215_interior_03_001": "am215_interior_V2_SHDSG", "am215_interior_01_002": "am215_interior_V5_SHDSG", "am215_interior_04_004": "am215_interior_V3_SHDSG", "am215_interior_04_005": "am215_interior_V3_SHDSG", "am215_interior_04_002": "am215_interior_V3_SHDSG", "am215_interior_04_003": "am215_interior_V3_SHDSG", "am215_interior_02_012": "am215_interior_V4_SHDSG", "am215_interior_05_001": "am215_interior_V1_SHDSG", "am215_interior_05_003": "am215_interior_V1_SHDSG", "am215_interior_05_002": "am215_interior_V1_SHDSG"}, "AM215_010": {"am215_interior_01_002": "am215_interior_V5_SHDSG", "am215_interior_05_001": "am215_interior_V1_SHDSG", "am215_interior_02_004": "am215_interior_V4_SHDSG", "am215_interior_02_005": "am215_interior_V4_SHDSG", "am215_interior_02_002": "am215_interior_V4_SHDSG", "am215_interior_02_003": "am215_interior_V4_SHDSG", "am215_interior_04_002": "am215_interior_V3_SHDSG", "am215_interior_04_003": "am215_interior_V3_SHDSG"}, "AM215_013": {"4407": "AM215_props_Shop_exposition_V10_SHDSG", "am215_interior_02_008": "am215_interior_V4_SHDSG", "am215_interior_02_009": "am215_interior_V4_SHDSG", "am215_interior_02_014": "am215_interior_V4_SHDSG", "am215_interior_02_004": "am215_interior_V4_SHDSG", "am215_interior_02_005": "am215_interior_V4_SHDSG", "am215_interior_02_011": "am215_interior_V4_SHDSG", "am215_interior_02_010": "am215_interior_V4_SHDSG", "am215_interior_02_013": "am215_interior_V4_SHDSG", "am215_interior_02_012": "am215_interior_V4_SHDSG", "am215_interior_01_005": "am215_interior_V5_SHDSG", "am215_interior_03_005": "am215_interior_V2_SHDSG", "am215_interior_03_004": "am215_interior_V2_SHDSG", "am215_interior_03_003": "am215_interior_V2_SHDSG", "am215_interior_03_002": "am215_interior_V2_SHDSG", "am215_interior_01_006": "am215_interior_V5_SHDSG", "1968": "AM215_props_Shop_exposition_V8_SHDSG", "802": "AM215_props_Shop_exposition_V4_SHDSG", "am215_interior_01_002": "am215_interior_V5_SHDSG", "am215_interior_04_004": "am215_interior_V3_SHDSG", "am215_interior_04_005": "am215_interior_V3_SHDSG", "am215_interior_04_006": "am215_interior_V3_SHDSG", "am215_interior_04_003": "am215_interior_V3_SHDSG", "am215_interior_01_004": "am215_interior_V5_SHDSG", "745": "AM215_props_Shop_exposition_V5_SHDSG", "1402": "AM215_props_Shop_exposition_V1_SHDSG", "927": "AM215_props_Shop_exposition_V9_SHDSG", "1276": "AM215_props_Shop_exposition_V3_SHDSG", "958": "AM215_props_Shop_exposition_V6_SHDSG", "am215_interior_05_002": "am215_interior_V1_SHDSG"}, "AM215_012": {"am215_interior_04_002": "am215_interior_V3_SHDSG", "am215_interior_02_004": "am215_interior_V4_SHDSG", "am215_interior_01_002": "am215_interior_V5_SHDSG", "am215_interior_02_002": "am215_interior_V4_SHDSG", "am215_interior_03_002": "am215_interior_V2_SHDSG", "am215_interior_03_001": "am215_interior_V2_SHDSG"}, "AM215_051": {"am215_interior_02_008": "am215_interior_V4_SHDSG", "am215_interior_02_009": "am215_interior_V4_SHDSG", "am215_interior_02_006": "am215_interior_V4_SHDSG", "am215_interior_02_007": "am215_interior_V4_SHDSG", "am215_interior_02_004": "am215_interior_V4_SHDSG", "am215_interior_02_005": "am215_interior_V4_SHDSG", "am215_interior_02_002": "am215_interior_V4_SHDSG", "am215_interior_02_003": "am215_interior_V4_SHDSG", "am215_interior_01_009": "am215_interior_V5_SHDSG", "am215_interior_01_008": "am215_interior_V5_SHDSG", "am215_interior_02_020": "am215_interior_V4_SHDSG", "am215_interior_02_021": "am215_interior_V4_SHDSG", "am215_interior_02_022": "am215_interior_V4_SHDSG", "am215_interior_02_023": "am215_interior_V4_SHDSG", "am215_interior_01_001": "am215_interior_V5_SHDSG", "am215_interior_01_003": "am215_interior_V5_SHDSG", "am215_interior_01_002": "am215_interior_V5_SHDSG", "am215_interior_01_005": "am215_interior_V5_SHDSG", "am215_interior_01_004": "am215_interior_V5_SHDSG", "am215_interior_01_007": "am215_interior_V5_SHDSG", "am215_interior_01_006": "am215_interior_V5_SHDSG", "802": "AM215_props_Shop_exposition_V4_SHDSG", "am215_interior_03_004": "am215_interior_V2_SHDSG", "am215_interior_04_008": "am215_interior_V3_SHDSG", "am215_interior_04_004": "am215_interior_V3_SHDSG", "am215_interior_04_005": "am215_interior_V3_SHDSG", "am215_interior_04_006": "am215_interior_V3_SHDSG", "am215_interior_04_007": "am215_interior_V3_SHDSG", "am215_interior_04_002": "am215_interior_V3_SHDSG", "1970": "AM215_props_Shop_exposition_V8_SHDSG", "am215_interior_01_014": "am215_interior_V5_SHDSG", "am215_interior_02_019": "am215_interior_V4_SHDSG", "am215_interior_02_018": "am215_interior_V4_SHDSG", "am215_interior_02_015": "am215_interior_V4_SHDSG", "am215_interior_02_014": "am215_interior_V4_SHDSG", "am215_interior_02_017": "am215_interior_V4_SHDSG", "am215_interior_02_016": "am215_interior_V4_SHDSG", "am215_interior_02_011": "am215_interior_V4_SHDSG", "am215_interior_02_010": "am215_interior_V4_SHDSG", "am215_interior_02_013": "am215_interior_V4_SHDSG", "am215_interior_02_012": "am215_interior_V4_SHDSG", "am215_interior_01_012": "am215_interior_V5_SHDSG", "am215_interior_01_013": "am215_interior_V5_SHDSG", "am215_interior_01_010": "am215_interior_V5_SHDSG", "am215_interior_01_011": "am215_interior_V5_SHDSG", "am215_interior_03_003": "am215_interior_V2_SHDSG", "am215_interior_03_007": "am215_interior_V2_SHDSG", "am215_interior_03_001": "am215_interior_V2_SHDSG", "4828": "AM215_props_Shop_exposition_V7_SHDSG", "1276": "AM215_props_Shop_exposition_V3_SHDSG", "am215_interior_03_006": "am215_interior_V2_SHDSG", "am215_interior_03_005": "am215_interior_V2_SHDSG", "am215_interior_05_005": "am215_interior_V1_SHDSG", "am215_interior_05_004": "am215_interior_V1_SHDSG", "am215_interior_05_007": "am215_interior_V1_SHDSG", "am215_interior_05_006": "am215_interior_V1_SHDSG", "am215_interior_05_001": "am215_interior_V1_SHDSG", "am215_interior_05_003": "am215_interior_V1_SHDSG"}, "AM215_050": {"am215_interior_02_008": "am215_interior_V4_SHDSG", "am215_interior_02_009": "am215_interior_V4_SHDSG", "am215_interior_02_006": "am215_interior_V4_SHDSG", "am215_interior_02_007": "am215_interior_V4_SHDSG", "am215_interior_02_005": "am215_interior_V4_SHDSG", "am215_interior_01_009": "am215_interior_V5_SHDSG", "am215_interior_01_008": "am215_interior_V5_SHDSG", "am215_interior_01_013": "am215_interior_V5_SHDSG", "am215_interior_01_003": "am215_interior_V5_SHDSG", "802": "AM215_props_Shop_exposition_V4_SHDSG", "am215_interior_01_005": "am215_interior_V5_SHDSG", "am215_interior_01_004": "am215_interior_V5_SHDSG", "am215_interior_01_007": "am215_interior_V5_SHDSG", "am215_interior_01_006": "am215_interior_V5_SHDSG", "am215_shop_interior_v004": "am215_Shop_interior_V1_SHDSG", "am215_shop_interior_v1": "am215_Shop_interior_V1_SHDSG", "am215_interior_03_004": "am215_interior_V2_SHDSG", "am215_interior_04_008": "am215_interior_V3_SHDSG", "am215_interior_04_009": "am215_interior_V3_SHDSG", "am215_shop_interior_v003": "am215_Shop_interior_V1_SHDSG", "am215_shop_interior_v002": "am215_Shop_interior_V1_SHDSG", "am215_interior_04_004": "am215_interior_V3_SHDSG", "am215_interior_01_016": "am215_interior_V5_SHDSG", "am215_interior_04_006": "am215_interior_V3_SHDSG", "am215_interior_04_007": "am215_interior_V3_SHDSG", "am215_interior_04_003": "am215_interior_V3_SHDSG", "am215_interior_04_011": "am215_interior_V3_SHDSG", "am215_interior_05_008": "am215_interior_V1_SHDSG", "577": "AM215_props_Shop_exposition_V2_SHDSG", "am215_interior_02_011": "am215_interior_V4_SHDSG", "am215_interior_02_010": "am215_interior_V4_SHDSG", "am215_interior_02_012": "am215_interior_V4_SHDSG", "am215_interior_01_018": "am215_interior_V5_SHDSG", "am215_interior_03_009": "am215_interior_V2_SHDSG", "am215_interior_03_008": "am215_interior_V2_SHDSG", "am215_interior_03_007": "am215_interior_V2_SHDSG", "am215_interior_03_006": "am215_interior_V2_SHDSG", "am215_interior_01_010": "am215_interior_V5_SHDSG", "am215_interior_01_011": "am215_interior_V5_SHDSG", "am215_interior_03_003": "am215_interior_V2_SHDSG", "am215_interior_01_017": "am215_interior_V5_SHDSG", "am215_interior_01_014": "am215_interior_V5_SHDSG", "am215_interior_01_015": "am215_interior_V5_SHDSG", "am215_interior_04_013": "am215_interior_V3_SHDSG", "am215_interior_04_012": "am215_interior_V3_SHDSG", "am215_interior_03_002": "am215_interior_V2_SHDSG", "am215_interior_04_010": "am215_interior_V3_SHDSG", "am215_interior_04_017": "am215_interior_V3_SHDSG", "am215_interior_04_016": "am215_interior_V3_SHDSG", "am215_interior_04_015": "am215_interior_V3_SHDSG", "am215_interior_04_014": "am215_interior_V3_SHDSG", "am215_interior_04_019": "am215_interior_V3_SHDSG", "am215_interior_04_018": "am215_interior_V3_SHDSG", "am215_interior_01_012": "am215_interior_V5_SHDSG", "1670": "AM215_props_Shop_exposition_V1_SHDSG", "am215_interior_03_005": "am215_interior_V2_SHDSG", "am215_interior_05_009": "am215_interior_V1_SHDSG", "am215_interior_04_020": "am215_interior_V3_SHDSG", "am215_interior_04_005": "am215_interior_V3_SHDSG", "am215_interior_05_005": "am215_interior_V1_SHDSG", "am215_interior_05_004": "am215_interior_V1_SHDSG", "am215_interior_05_007": "am215_interior_V1_SHDSG", "am215_interior_05_006": "am215_interior_V1_SHDSG", "1276": "AM215_props_Shop_exposition_V3_SHDSG", "am215_interior_05_003": "am215_interior_V1_SHDSG", "am215_interior_05_002": "am215_interior_V1_SHDSG"}, "AM215_053": {"802": "AM215_props_Shop_exposition_V4_SHDSG", "927": "AM215_props_Shop_exposition_V9_SHDSG", "am215_interior_02_008": "am215_interior_V4_SHDSG", "am215_interior_02_006": "am215_interior_V4_SHDSG", "am215_interior_02_007": "am215_interior_V4_SHDSG", "am215_interior_04_006": "am215_interior_V3_SHDSG", "am215_interior_02_003": "am215_interior_V4_SHDSG", "am215_interior_04_002": "am215_interior_V3_SHDSG", "am215_interior_03_005": "am215_interior_V2_SHDSG", "am215_interior_04_004": "am215_interior_V3_SHDSG", "am215_interior_01_005": "am215_interior_V5_SHDSG", "am215_interior_05_001": "am215_interior_V1_SHDSG", "am215_interior_04_005": "am215_interior_V3_SHDSG", "am215_interior_01_001": "am215_interior_V5_SHDSG", "am215_interior_01_003": "am215_interior_V5_SHDSG", "am215_interior_03_004": "am215_interior_V2_SHDSG", "am215_interior_03_003": "am215_interior_V2_SHDSG", "am215_interior_01_004": "am215_interior_V5_SHDSG", "am215_interior_03_001": "am215_interior_V2_SHDSG", "am215_interior_05_002": "am215_interior_V1_SHDSG"}, "AM215_052": {"4828": "AM215_props_Shop_exposition_V7_SHDSG", "1670": "AM215_props_Shop_exposition_V1_SHDSG", "am215_interior_02_006": "am215_interior_V4_SHDSG", "am215_interior_02_004": "am215_interior_V4_SHDSG", "am215_interior_02_005": "am215_interior_V4_SHDSG", "am215_interior_02_002": "am215_interior_V4_SHDSG", "am215_interior_02_003": "am215_interior_V4_SHDSG", "am215_interior_05_022": "am215_interior_V1_SHDSG", "am215_interior_01_009": "am215_interior_V5_SHDSG", "am215_interior_01_008": "am215_interior_V5_SHDSG", "am215_interior_03_010": "am215_interior_V2_SHDSG", "am215_interior_01_003": "am215_interior_V5_SHDSG", "am215_interior_01_002": "am215_interior_V5_SHDSG", "am215_interior_03_014": "am215_interior_V2_SHDSG", "am215_interior_01_004": "am215_interior_V5_SHDSG", "am215_interior_01_007": "am215_interior_V5_SHDSG", "am215_interior_03_017": "am215_interior_V2_SHDSG", "802": "AM215_props_Shop_exposition_V4_SHDSG", "am215_interior_04_008": "am215_interior_V3_SHDSG", "am215_interior_04_009": "am215_interior_V3_SHDSG", "am215_interior_04_020": "am215_interior_V3_SHDSG", "am215_interior_01_010": "am215_interior_V5_SHDSG", "am215_interior_01_005": "am215_interior_V5_SHDSG", "am215_interior_04_006": "am215_interior_V3_SHDSG", "am215_interior_04_007": "am215_interior_V3_SHDSG", "am215_interior_04_002": "am215_interior_V3_SHDSG", "am215_interior_04_003": "am215_interior_V3_SHDSG", "745": "AM215_props_Shop_exposition_V5_SHDSG", "am215_interior_01_014": "am215_interior_V5_SHDSG", "am215_interior_05_018": "am215_interior_V1_SHDSG", "am215_interior_05_019": "am215_interior_V1_SHDSG", "am215_interior_05_014": "am215_interior_V1_SHDSG", "am215_interior_01_006": "am215_interior_V5_SHDSG", "am215_interior_05_013": "am215_interior_V1_SHDSG", "am215_interior_05_010": "am215_interior_V1_SHDSG", "am215_interior_05_011": "am215_interior_V1_SHDSG", "576": "AM215_props_Shop_exposition_V2_SHDSG", "am215_interior_05_023": "am215_interior_V1_SHDSG", "am215_interior_01_018": "am215_interior_V5_SHDSG", "am215_interior_03_009": "am215_interior_V2_SHDSG", "am215_interior_03_008": "am215_interior_V2_SHDSG", "am215_interior_03_007": "am215_interior_V2_SHDSG", "am215_interior_03_006": "am215_interior_V2_SHDSG", "am215_interior_01_001": "am215_interior_V5_SHDSG", "am215_interior_03_004": "am215_interior_V2_SHDSG", "am215_interior_03_003": "am215_interior_V2_SHDSG", "am215_interior_03_002": "am215_interior_V2_SHDSG", "am215_interior_03_001": "am215_interior_V2_SHDSG", "am215_interior_01_015": "am215_interior_V5_SHDSG", "am215_interior_04_012": "am215_interior_V3_SHDSG", "am215_interior_04_011": "am215_interior_V3_SHDSG", "am215_interior_04_010": "am215_interior_V3_SHDSG", "am215_interior_04_017": "am215_interior_V3_SHDSG", "am215_interior_01_020": "am215_interior_V5_SHDSG", "1276": "AM215_props_Shop_exposition_V3_SHDSG", "am215_interior_05_020": "am215_interior_V1_SHDSG", "am215_interior_01_012": "am215_interior_V5_SHDSG", "am215_interior_03_005": "am215_interior_V2_SHDSG", "am215_interior_04_004": "am215_interior_V3_SHDSG", "am215_interior_05_015": "am215_interior_V1_SHDSG", "am215_interior_05_009": "am215_interior_V1_SHDSG", "am215_interior_05_008": "am215_interior_V1_SHDSG", "am215_interior_04_005": "am215_interior_V3_SHDSG", "am215_interior_05_005": "am215_interior_V1_SHDSG", "am215_interior_05_004": "am215_interior_V1_SHDSG", "am215_interior_05_007": "am215_interior_V1_SHDSG", "am215_interior_05_006": "am215_interior_V1_SHDSG", "am215_interior_05_001": "am215_interior_V1_SHDSG", "am215_interior_05_021": "am215_interior_V1_SHDSG", "am215_interior_05_003": "am215_interior_V1_SHDSG", "am215_interior_05_002": "am215_interior_V1_SHDSG"}, "AM215_055": {"am215_interior_02_008": "am215_interior_V4_SHDSG", "am215_interior_02_009": "am215_interior_V4_SHDSG", "am215_interior_02_015": "am215_interior_V4_SHDSG", "am215_interior_02_007": "am215_interior_V4_SHDSG", "am215_interior_02_011": "am215_interior_V4_SHDSG", "am215_interior_02_010": "am215_interior_V4_SHDSG", "am215_interior_02_013": "am215_interior_V4_SHDSG", "am215_interior_02_003": "am215_interior_V4_SHDSG", "am215_interior_01_001": "am215_interior_V5_SHDSG", "am215_interior_02_002": "am215_interior_V4_SHDSG", "am215_interior_03_007": "am215_interior_V2_SHDSG", "am215_interior_03_006": "am215_interior_V2_SHDSG", "am215_interior_03_005": "am215_interior_V2_SHDSG", "am215_interior_03_004": "am215_interior_V2_SHDSG", "am215_interior_03_003": "am215_interior_V2_SHDSG", "am215_interior_01_003": "am215_interior_V5_SHDSG", "am215_interior_02_012": "am215_interior_V4_SHDSG", "927": "AM215_props_Shop_exposition_V9_SHDSG", "am215_interior_04_005": "am215_interior_V3_SHDSG", "802": "AM215_props_Shop_exposition_V4_SHDSG", "am215_interior_04_008": "am215_interior_V3_SHDSG", "1670": "AM215_props_Shop_exposition_V1_SHDSG", "am215_interior_04_004": "am215_interior_V3_SHDSG", "am215_interior_01_005": "am215_interior_V5_SHDSG", "am215_interior_04_006": "am215_interior_V3_SHDSG", "am215_interior_04_007": "am215_interior_V3_SHDSG", "am215_interior_04_002": "am215_interior_V3_SHDSG", "am215_interior_01_004": "am215_interior_V5_SHDSG", "am215_interior_03_001": "am215_interior_V2_SHDSG", "am215_interior_02_014": "am215_interior_V4_SHDSG", "745": "AM215_props_Shop_exposition_V5_SHDSG", "1276": "AM215_props_Shop_exposition_V3_SHDSG"}, "AM215_054": {"1670": "AM215_props_Shop_exposition_V1_SHDSG", "am215_interior_02_006": "am215_interior_V4_SHDSG", "am215_interior_02_007": "am215_interior_V4_SHDSG", "am215_interior_02_004": "am215_interior_V4_SHDSG", "am215_interior_02_005": "am215_interior_V4_SHDSG", "am215_interior_02_002": "am215_interior_V4_SHDSG", "am215_interior_01_008": "am215_interior_V5_SHDSG", "am215_interior_01_001": "am215_interior_V5_SHDSG", "am215_interior_01_003": "am215_interior_V5_SHDSG", "am215_interior_01_002": "am215_interior_V5_SHDSG", "am215_interior_01_005": "am215_interior_V5_SHDSG", "am215_interior_01_004": "am215_interior_V5_SHDSG", "am215_interior_01_007": "am215_interior_V5_SHDSG", "am215_interior_01_006": "am215_interior_V5_SHDSG", "802": "AM215_props_Shop_exposition_V4_SHDSG", "am215_interior_04_008": "am215_interior_V3_SHDSG", "am215_interior_04_009": "am215_interior_V3_SHDSG", "am215_interior_04_004": "am215_interior_V3_SHDSG", "am215_interior_04_005": "am215_interior_V3_SHDSG", "am215_interior_04_006": "am215_interior_V3_SHDSG", "am215_interior_04_007": "am215_interior_V3_SHDSG", "am215_interior_04_002": "am215_interior_V3_SHDSG", "am215_interior_04_003": "am215_interior_V3_SHDSG", "1970": "AM215_props_Shop_exposition_V8_SHDSG", "4407": "AM215_props_Shop_exposition_V10_SHDSG", "am215_interior_05_016": "am215_interior_V1_SHDSG", "am215_interior_05_017": "am215_interior_V1_SHDSG", "am215_interior_05_015": "am215_interior_V1_SHDSG", "am215_interior_05_012": "am215_interior_V1_SHDSG", "577": "AM215_props_Shop_exposition_V2_SHDSG", "927": "AM215_props_Shop_exposition_V9_SHDSG", "am215_interior_02_010": "am215_interior_V4_SHDSG", "am215_interior_02_013": "am215_interior_V4_SHDSG", "am215_interior_02_012": "am215_interior_V4_SHDSG", "am215_interior_03_008": "am215_interior_V2_SHDSG", "am215_interior_03_007": "am215_interior_V2_SHDSG", "am215_interior_01_010": "am215_interior_V5_SHDSG", "am215_interior_03_004": "am215_interior_V2_SHDSG", "am215_interior_03_003": "am215_interior_V2_SHDSG", "am215_interior_03_002": "am215_interior_V2_SHDSG", "am215_interior_03_001": "am215_interior_V2_SHDSG", "am215_interior_04_010": "am215_interior_V3_SHDSG", "am215_interior_04_016": "am215_interior_V3_SHDSG", "am215_interior_04_015": "am215_interior_V3_SHDSG", "am215_interior_03_005": "am215_interior_V2_SHDSG", "am215_interior_05_008": "am215_interior_V1_SHDSG", "am215_interior_05_005": "am215_interior_V1_SHDSG", "am215_interior_05_004": "am215_interior_V1_SHDSG", "am215_interior_05_007": "am215_interior_V1_SHDSG", "am215_interior_05_006": "am215_interior_V1_SHDSG", "am215_interior_05_001": "am215_interior_V1_SHDSG", "am215_interior_05_003": "am215_interior_V1_SHDSG", "am215_interior_05_002": "am215_interior_V1_SHDSG"}, "AM215_057": {"am215_interior_02_008": "am215_interior_V4_SHDSG", "am215_interior_02_009": "am215_interior_V4_SHDSG", "am215_interior_02_006": "am215_interior_V4_SHDSG", "am215_interior_02_007": "am215_interior_V4_SHDSG", "1276": "AM215_props_Shop_exposition_V3_SHDSG", "am215_interior_02_011": "am215_interior_V4_SHDSG", "am215_interior_02_010": "am215_interior_V4_SHDSG", "am215_interior_02_013": "am215_interior_V4_SHDSG", "am215_interior_02_003": "am215_interior_V4_SHDSG", "am215_interior_01_009": "am215_interior_V5_SHDSG", "am215_interior_01_008": "am215_interior_V5_SHDSG", "am215_interior_02_002": "am215_interior_V4_SHDSG", "am215_interior_01_001": "am215_interior_V5_SHDSG", "am215_interior_01_003": "am215_interior_V5_SHDSG", "am215_interior_02_012": "am215_interior_V4_SHDSG", "am215_interior_03_003": "am215_interior_V2_SHDSG", "am215_interior_01_004": "am215_interior_V5_SHDSG", "am215_interior_03_001": "am215_interior_V2_SHDSG", "am215_interior_01_006": "am215_interior_V5_SHDSG", "4828": "AM215_props_Shop_exposition_V7_SHDSG", "1670": "AM215_props_Shop_exposition_V1_SHDSG", "am215_interior_01_010": "am215_interior_V5_SHDSG", "am215_interior_01_005": "am215_interior_V5_SHDSG", "am215_interior_04_002": "am215_interior_V3_SHDSG", "am215_interior_04_004": "am215_interior_V3_SHDSG", "am215_interior_01_007": "am215_interior_V5_SHDSG", "am215_interior_05_005": "am215_interior_V1_SHDSG", "am215_interior_05_004": "am215_interior_V1_SHDSG", "927": "AM215_props_Shop_exposition_V9_SHDSG", "am215_interior_05_001": "am215_interior_V1_SHDSG", "am215_interior_05_003": "am215_interior_V1_SHDSG"}, "AM215_056": {"577": "AM215_props_Shop_exposition_V2_SHDSG", "1670": "AM215_props_Shop_exposition_V1_SHDSG", "am215_interior_02_004": "am215_interior_V4_SHDSG", "am215_interior_02_005": "am215_interior_V4_SHDSG", "am215_interior_02_002": "am215_interior_V4_SHDSG", "am215_interior_02_003": "am215_interior_V4_SHDSG", "am215_interior_01_005": "am215_interior_V5_SHDSG", "1276": "AM215_props_Shop_exposition_V3_SHDSG", "am215_interior_01_003": "am215_interior_V5_SHDSG", "am215_interior_01_001": "am215_interior_V5_SHDSG", "am215_interior_03_006": "am215_interior_V2_SHDSG", "am215_interior_03_005": "am215_interior_V2_SHDSG", "am215_interior_03_004": "am215_interior_V2_SHDSG", "am215_interior_03_003": "am215_interior_V2_SHDSG", "am215_interior_03_002": "am215_interior_V2_SHDSG", "am215_interior_03_001": "am215_interior_V2_SHDSG", "am215_interior_01_006": "am215_interior_V5_SHDSG", "802": "AM215_props_Shop_exposition_V4_SHDSG", "am215_interior_01_002": "am215_interior_V5_SHDSG", "am215_interior_04_004": "am215_interior_V3_SHDSG", "am215_interior_04_005": "am215_interior_V3_SHDSG", "am215_interior_04_002": "am215_interior_V3_SHDSG", "am215_interior_04_003": "am215_interior_V3_SHDSG", "am215_interior_01_004": "am215_interior_V5_SHDSG", "am215_interior_05_009": "am215_interior_V1_SHDSG", "am215_interior_05_008": "am215_interior_V1_SHDSG", "am215_interior_05_010": "am215_interior_V1_SHDSG", "am215_interior_05_005": "am215_interior_V1_SHDSG", "am215_interior_05_004": "am215_interior_V1_SHDSG", "am215_interior_05_007": "am215_interior_V1_SHDSG", "am215_interior_05_006": "am215_interior_V1_SHDSG", "am215_interior_05_001": "am215_interior_V1_SHDSG", "am215_interior_05_003": "am215_interior_V1_SHDSG", "am215_interior_05_002": "am215_interior_V1_SHDSG"}, "AM215_037": {"am215_interior_02_008": "am215_interior_V4_SHDSG", "am215_interior_02_009": "am215_interior_V4_SHDSG", "am215_interior_02_006": "am215_interior_V4_SHDSG", "am215_interior_02_007": "am215_interior_V4_SHDSG", "970": "AM215_props_Shop_exposition_V6_SHDSG", "am215_interior_02_002": "am215_interior_V4_SHDSG", "am215_interior_02_003": "am215_interior_V4_SHDSG", "am215_interior_01_001": "am215_interior_V5_SHDSG", "am215_interior_01_003": "am215_interior_V5_SHDSG", "am215_interior_03_004": "am215_interior_V2_SHDSG", "am215_interior_03_003": "am215_interior_V2_SHDSG", "am215_interior_01_004": "am215_interior_V5_SHDSG", "am215_interior_03_001": "am215_interior_V2_SHDSG", "802": "AM215_props_Shop_exposition_V4_SHDSG", "4828": "AM215_props_Shop_exposition_V7_SHDSG", "am215_interior_04_004": "am215_interior_V3_SHDSG", "745": "AM215_props_Shop_exposition_V5_SHDSG", "am215_interior_04_002": "am215_interior_V3_SHDSG", "am215_interior_04_005": "am215_interior_V3_SHDSG", "am215_interior_05_004": "am215_interior_V1_SHDSG", "am215_interior_05_001": "am215_interior_V1_SHDSG", "am215_interior_05_003": "am215_interior_V1_SHDSG"}, "AM215_036": {"1670": "AM215_props_Shop_exposition_V1_SHDSG", "am215_interior_02_006": "am215_interior_V4_SHDSG", "am215_interior_02_007": "am215_interior_V4_SHDSG", "am215_interior_02_004": "am215_interior_V4_SHDSG", "am215_interior_02_005": "am215_interior_V4_SHDSG", "am215_interior_02_002": "am215_interior_V4_SHDSG", "am215_interior_02_003": "am215_interior_V4_SHDSG", "am215_interior_01_008": "am215_interior_V5_SHDSG", "am215_interior_03_010": "am215_interior_V2_SHDSG", "am215_interior_01_003": "am215_interior_V5_SHDSG", "am215_interior_01_002": "am215_interior_V5_SHDSG", "am215_interior_01_005": "am215_interior_V5_SHDSG", "am215_interior_03_005": "am215_interior_V2_SHDSG", "am215_interior_01_007": "am215_interior_V5_SHDSG", "am215_interior_01_006": "am215_interior_V5_SHDSG", "802": "AM215_props_Shop_exposition_V4_SHDSG", "am215_shop_interior_v002": "am215_Shop_interior_V1_SHDSG", "am215_interior_04_004": "am215_interior_V3_SHDSG", "am215_interior_04_005": "am215_interior_V3_SHDSG", "am215_interior_04_006": "am215_interior_V3_SHDSG", "am215_interior_04_007": "am215_interior_V3_SHDSG", "am215_interior_04_002": "am215_interior_V3_SHDSG", "am215_interior_04_003": "am215_interior_V3_SHDSG", "1970": "AM215_props_Shop_exposition_V8_SHDSG", "927": "AM215_props_Shop_exposition_V9_SHDSG", "577": "AM215_props_Shop_exposition_V2_SHDSG", "am215_shop_interior_v1": "am215_Shop_interior_V1_SHDSG", "am215_interior_03_009": "am215_interior_V2_SHDSG", "am215_interior_03_008": "am215_interior_V2_SHDSG", "am215_interior_03_007": "am215_interior_V2_SHDSG", "am215_interior_03_006": "am215_interior_V2_SHDSG", "am215_interior_01_001": "am215_interior_V5_SHDSG", "am215_interior_03_004": "am215_interior_V2_SHDSG", "am215_interior_03_003": "am215_interior_V2_SHDSG", "am215_interior_03_002": "am215_interior_V2_SHDSG", "am215_interior_03_001": "am215_interior_V2_SHDSG", "am215_interior_05_001": "am215_interior_V1_SHDSG", "am215_interior_01_004": "am215_interior_V5_SHDSG", "745": "AM215_props_Shop_exposition_V5_SHDSG", "am215_interior_05_005": "am215_interior_V1_SHDSG", "am215_interior_05_004": "am215_interior_V1_SHDSG", "am215_interior_05_006": "am215_interior_V1_SHDSG", "1276": "AM215_props_Shop_exposition_V3_SHDSG", "am215_interior_05_003": "am215_interior_V1_SHDSG", "am215_interior_05_002": "am215_interior_V1_SHDSG"}}