{"AM215_008": {"am215_props_shop_exposition_v5": "AM215_props_Shop_exposition_V5_SHDSG", "am215_props_shop_exposition_v6": "AM215_props_Shop_exposition_V6_SHDSG", "am215_interior_01": "am215_interior_V5_SHDSG", "am215_interior_03": "am215_interior_V2_SHDSG", "am215_interior_02": "am215_interior_V4_SHDSG", "am215_interior_05": "am215_interior_V1_SHDSG", "am215_interior_04": "am215_interior_V3_SHDSG"}, "AM215_009": {"am215_interior_01": "am215_interior_V5_SHDSG", "am215_interior_03": "am215_interior_V2_SHDSG", "am215_interior_02": "am215_interior_V4_SHDSG", "am215_interior_04": "am215_interior_V3_SHDSG"}, "AM215_024": {"am215_interior_01": "am215_interior_V5_SHDSG", "am215_interior_03": "am215_interior_V2_SHDSG", "am215_interior_02": "am215_interior_V4_SHDSG", "am215_interior_05": "am215_interior_V1_SHDSG"}, "AM215_025": {"am215_interior_01": "am215_interior_V5_SHDSG", "am215_interior_02": "am215_interior_V4_SHDSG", "am215_interior_05": "am215_interior_V1_SHDSG", "am215_interior_04": "am215_interior_V3_SHDSG"}, "AM215_026": {"am215_props_shop_exposition_v5": "AM215_props_Shop_exposition_V5_SHDSG", "am215_props_shop_exposition_v6": "AM215_props_Shop_exposition_V6_SHDSG", "am215_interior_03": "am215_interior_V2_SHDSG", "am215_interior_02": "am215_interior_V4_SHDSG", "am215_interior_05": "am215_interior_V1_SHDSG", "am215_interior_04": "am215_interior_V3_SHDSG"}, "AM215_027": {"am215_interior_01": "am215_interior_V5_SHDSG", "am215_interior_03": "am215_interior_V2_SHDSG", "am215_interior_02": "am215_interior_V4_SHDSG"}, "AM215_020": {"am215_props_shop_exposition_v4": "AM215_props_Shop_exposition_V4_SHDSG", "am215_interior_01": "am215_interior_V5_SHDSG", "am215_interior_03": "am215_interior_V2_SHDSG", "am215_interior_02": "am215_interior_V4_SHDSG", "am215_interior_05": "am215_interior_V1_SHDSG", "am215_shop_interior": "am215_Shop_interior_V1_SHDSG"}, "AM215_022": {"am215_props_shop_exposition_v011": "AM215_props_Shop_exposition_V9_SHDSG", "am215_props_shop_exposition_v010": "AM215_props_Shop_exposition_V4_SHDSG", "am215_props_shop_exposition_v4": "AM215_props_Shop_exposition_V4_SHDSG", "am215_props_shop_exposition_v9": "AM215_props_Shop_exposition_V9_SHDSG", "am215_interior_03": "am215_interior_V2_SHDSG", "am215_interior_02": "am215_interior_V4_SHDSG", "am215_interior_05": "am215_interior_V1_SHDSG", "am215_interior_04": "am215_interior_V3_SHDSG"}, "AM215_023": {"am215_interior_01": "am215_interior_V5_SHDSG", "am215_interior_03": "am215_interior_V2_SHDSG", "am215_interior_02": "am215_interior_V4_SHDSG", "am215_interior_05": "am215_interior_V1_SHDSG", "am215_interior_04": "am215_interior_V3_SHDSG"}, "AM215_006": {"am215_props_interior_04": "am215_interior_V3_SHDSG", "am215_props_interior_05": "am215_interior_V1_SHDSG", "am215_props_interior_02": "am215_interior_V4_SHDSG"}, "AM215_007": {"am215_interior_01": "am215_interior_V5_SHDSG", "am215_interior_03": "am215_interior_V2_SHDSG", "am215_interior_02": "am215_interior_V4_SHDSG", "am215_interior_05": "am215_interior_V1_SHDSG", "am215_interior_04": "am215_interior_V3_SHDSG"}, "AM215_004": {"am215_interior_01": "am215_interior_V5_SHDSG", "am215_interior_03": "am215_interior_V2_SHDSG", "am215_interior_02": "am215_interior_V4_SHDSG", "am215_interior_05": "am215_interior_V1_SHDSG", "am215_interior_04": "am215_interior_V3_SHDSG"}, "AM215_005": {"am215_interior_01": "am215_interior_V5_SHDSG", "am215_interior_02": "am215_interior_V4_SHDSG", "am215_interior_05": "am215_interior_V1_SHDSG", "am215_interior_04": "am215_interior_V3_SHDSG"}, "AM215_002": {"am215_props_shop_exposition_v1": "AM215_props_Shop_exposition_V1_SHDSG", "am215_shop_interior_v1": "am215_Shop_interior_V1_SHDSG", "am215_interior_01": "am215_interior_V5_SHDSG", "am215_props_shop_exposition_v9": "AM215_props_Shop_exposition_V9_SHDSG", "am215_props_shop_exposition_v004": "AM215_props_Shop_exposition_V3_SHDSG", "am215_interior_02": "am215_interior_V4_SHDSG", "am215_interior_05": "am215_interior_V1_SHDSG", "am215_props_shop_exposition_v2": "AM215_props_Shop_exposition_V2_SHDSG", "am215_interior_04": "am215_interior_V3_SHDSG", "am215_props_shop_exposition_v010": "AM215_props_Shop_exposition_V3_SHDSG", "am215_interior_03": "am215_interior_V2_SHDSG"}, "AM215_003": {"am215_interior_v3": "am215_interior_V3_SHDSG", "am215_interior_v2": "am215_interior_V2_SHDSG", "am215_interior_v1": "am215_interior_V1_SHDSG", "am215_interior_v5": "am215_interior_V5_SHDSG", "am215_interior_v4": "am215_interior_V4_SHDSG"}, "AM215_001": {"am215_interior_01": "am215_interior_V5_SHDSG", "am215_interior_03": "am215_interior_V2_SHDSG", "am215_interior_05": "am215_interior_V1_SHDSG", "am215_interior_04": "am215_interior_V3_SHDSG"}, "AM215_042": {"am215_props_shop_exposition_v010": "AM215_props_Shop_exposition_V8_SHDSG", "am215_props_shop_exposition_v2": "AM215_props_Shop_exposition_V2_SHDSG", "am215_props_shop_exposition_v8": "AM215_props_Shop_exposition_V8_SHDSG", "am215_props_shop_exposition_v009": "AM215_props_Shop_exposition_V2_SHDSG", "am215_interior_01": "am215_interior_V5_SHDSG", "am215_interior_03": "am215_interior_V2_SHDSG", "am215_interior_02": "am215_interior_V4_SHDSG", "am215_interior_05": "am215_interior_V1_SHDSG", "am215_interior_04": "am215_interior_V3_SHDSG", "am215_shop_interior": "am215_Shop_interior_V1_SHDSG"}, "AM215_043": {"am215_props_shop_exposition_v2": "AM215_props_Shop_exposition_V2_SHDSG", "am215_props_shop_exposition_v4": "AM215_props_Shop_exposition_V4_SHDSG", "am215_props_shop_exposition_v009": "AM215_props_Shop_exposition_V8_SHDSG", "am215_interior_01": "am215_interior_V5_SHDSG", "am215_interior_03": "am215_interior_V2_SHDSG", "am215_interior_02": "am215_interior_V4_SHDSG", "am215_interior_05": "am215_interior_V1_SHDSG", "am215_interior_04": "am215_interior_V3_SHDSG", "am215_shop_interior": "am215_Shop_interior_V1_SHDSG", "am215_props_shop_exposition_v011": "AM215_props_Shop_exposition_V4_SHDSG", "am215_props_shop_exposition_v010": "AM215_props_Shop_exposition_V2_SHDSG", "am215_props_shop_exposition_v8": "AM215_props_Shop_exposition_V8_SHDSG"}, "AM215_040": {"am215_props_shop_exposition_v1": "AM215_props_Shop_exposition_V1_SHDSG", "am215_props_shop_exposition_v3": "AM215_props_Shop_exposition_V3_SHDSG", "am215_props_shop_exposition_v5": "AM215_props_Shop_exposition_V4_SHDSG", "am215_interior_01": "am215_interior_V5_SHDSG", "am215_props_shop_exposition_v9": "AM215_props_Shop_exposition_V9_SHDSG", "am215_interior_03": "am215_interior_V2_SHDSG", "am215_interior_02": "am215_interior_V4_SHDSG", "am215_interior_05": "am215_interior_V1_SHDSG", "am215_interior_04": "am215_interior_V3_SHDSG", "am215_shop_interior": "am215_Shop_interior_V1_SHDSG"}, "AM215_038": {"am215_props_shop_exposition_v2": "AM215_props_Shop_exposition_V2_SHDSG", "am215_props_shop_exposition_v5": "AM215_props_Shop_exposition_V5_SHDSG", "am215_props_shop_exposition_v7": "AM215_props_Shop_exposition_V6_SHDSG", "am215_interior_01": "am215_interior_V5_SHDSG", "am215_props_shop_exposition_v9": "AM215_props_Shop_exposition_V7_SHDSG", "am215_interior_03": "am215_interior_V2_SHDSG", "am215_interior_02": "am215_interior_V4_SHDSG", "am215_interior_05": "am215_interior_V1_SHDSG", "am215_interior_04": "am215_interior_V3_SHDSG", "am215_shop_interior": "am215_Shop_interior_V1_SHDSG"}, "AM215_046": {"am215_props_shop_exposition_v2": "AM215_props_Shop_exposition_V2_SHDSG", "am215_props_shop_exposition_v10": "AM215_props_Shop_exposition_V10_SHDSG", "am215_props_shop_exposition_v6": "AM215_props_Shop_exposition_V6_SHDSG", "am215_props_shop_exposition_v7": "AM215_props_Shop_exposition_V7_SHDSG", "am215_interior_01": "am215_interior_V5_SHDSG", "am215_interior_03": "am215_interior_V2_SHDSG", "am215_interior_02": "am215_interior_V4_SHDSG", "am215_interior_05": "am215_interior_V1_SHDSG", "am215_interior_04": "am215_interior_V3_SHDSG"}, "AM215_047": {"am215_props_shop_exposition_v2": "AM215_props_Shop_exposition_V2_SHDSG", "am215_props_shop_exposition_v3": "AM215_props_Shop_exposition_V3_SHDSG", "am215_props_shop_exposition_v5": "AM215_props_Shop_exposition_V4_SHDSG", "am215_interior_01": "am215_interior_V5_SHDSG", "am215_interior_03": "am215_interior_V2_SHDSG", "am215_interior_02": "am215_interior_V4_SHDSG", "am215_interior_05": "am215_interior_V1_SHDSG", "am215_interior_04": "am215_interior_V3_SHDSG"}, "AM215_044": {"am215_props_shop_exposition_v5": "AM215_props_Shop_exposition_V5_SHDSG", "am215_props_shop_exposition_v7": "AM215_props_Shop_exposition_V7_SHDSG", "am215_interior_01": "am215_interior_V5_SHDSG", "am215_props_shop_exposition_v9": "AM215_props_Shop_exposition_V6_SHDSG", "am215_interior_03": "am215_interior_V2_SHDSG", "am215_interior_02": "am215_interior_V4_SHDSG", "am215_interior_05": "am215_interior_V1_SHDSG", "am215_interior_04": "am215_interior_V3_SHDSG"}, "AM215_045": {"am215_props_shop_exposition_v8": "AM215_props_Shop_exposition_V8_SHDSG", "am215_props_shop_exposition_v7": "AM215_props_Shop_exposition_V7_SHDSG", "am215_interior_01": "am215_interior_V5_SHDSG", "am215_interior_03": "am215_interior_V2_SHDSG", "am215_interior_02": "am215_interior_V4_SHDSG", "am215_interior_05": "am215_interior_V1_SHDSG", "am215_interior_04": "am215_interior_V3_SHDSG"}, "AM215_028": {"am215_interior_01": "am215_interior_V5_SHDSG", "am215_interior_03": "am215_interior_V2_SHDSG", "am215_interior_02": "am215_interior_V4_SHDSG", "am215_interior_04": "am215_interior_V3_SHDSG"}, "AM215_048": {"am215_props_shop_exposition_v11": "AM215_props_Shop_exposition_V10_SHDSG", "am215_props_shop_exposition_v6": "AM215_props_Shop_exposition_V6_SHDSG", "am215_interior_01": "am215_interior_V5_SHDSG", "am215_props_shop_exposition_v9": "AM215_props_Shop_exposition_V9_SHDSG", "am215_interior_03": "am215_interior_V2_SHDSG", "am215_interior_02": "am215_interior_V4_SHDSG", "am215_interior_05": "am215_interior_V1_SHDSG", "am215_interior_04": "am215_interior_V3_SHDSG"}, "AM215_049": {"am215_props_shop_exposition_v5": "AM215_props_Shop_exposition_V5_SHDSG", "am215_props_shop_exposition_v6": "AM215_props_Shop_exposition_V6_SHDSG", "am215_interior_01": "am215_interior_V5_SHDSG", "am215_interior_03": "am215_interior_V2_SHDSG", "am215_interior_02": "am215_interior_V4_SHDSG", "am215_interior_05": "am215_interior_V1_SHDSG", "am215_interior_04": "am215_interior_V3_SHDSG"}, "AM215_029": {"am215_interior_01": "am215_interior_V5_SHDSG", "am215_interior_03": "am215_interior_V2_SHDSG", "am215_interior_02": "am215_interior_V4_SHDSG", "am215_interior_05": "am215_interior_V1_SHDSG", "am215_interior_04": "am215_interior_V3_SHDSG"}, "AM215_041": {"am215_props_shop_exposition_v1": "AM215_props_Shop_exposition_V1_SHDSG", "am215_props_shop_exposition_v005": "AM215_props_Shop_exposition_V3_SHDSG", "am215_props_shop_exposition_v4": "AM215_props_Shop_exposition_V4_SHDSG", "am215_props_shop_exposition_v3": "AM215_props_Shop_exposition_V3_SHDSG", "am215_interior_01": "am215_interior_V5_SHDSG", "am215_interior_03": "am215_interior_V2_SHDSG", "am215_interior_02": "am215_interior_V4_SHDSG", "am215_interior_05": "am215_interior_V1_SHDSG", "am215_interior_04": "am215_interior_V3_SHDSG"}, "AM215_039": {"am215_props_shop_exposition_v1": "AM215_props_Shop_exposition_V1_SHDSG", "am215_props_shop_exposition_v3": "AM215_props_Shop_exposition_V2_SHDSG", "am215_props_shop_exposition_v5": "AM215_props_Shop_exposition_V5_SHDSG", "am215_props_shop_exposition_v7": "AM215_props_Shop_exposition_V6_SHDSG", "am215_interior_01": "am215_interior_V5_SHDSG", "am215_interior_03": "am215_interior_V2_SHDSG", "am215_interior_02": "am215_interior_V4_SHDSG", "am215_interior_05": "am215_interior_V1_SHDSG", "am215_interior_04": "am215_interior_V3_SHDSG", "am215_shop_interior": "am215_Shop_interior_V1_SHDSG"}, "AM215_033": {"am215_props_shop_exposition_v2": "AM215_props_Shop_exposition_V2_SHDSG", "am215_props_shop_exposition_v3": "AM215_props_Shop_exposition_V3_SHDSG", "am215_props_shop_exposition_v4": "AM215_props_Shop_exposition_V4_SHDSG", "am215_interior_02": "am215_interior_V4_SHDSG", "am215_interior_01": "am215_interior_V5_SHDSG", "am215_props_shop_exposition_v9": "AM215_props_Shop_exposition_V9_SHDSG", "am215_interior_03": "am215_interior_V2_SHDSG", "am215_props_shop_exposition_v005": "AM215_props_Shop_exposition_V4_SHDSG", "am215_interior_05": "am215_interior_V1_SHDSG", "am215_interior_04": "am215_interior_V3_SHDSG", "am215_props_shop_exposition_v10": "AM215_props_Shop_exposition_V10_SHDSG"}, "AM215_032": {"am215_interior_01": "am215_interior_V5_SHDSG", "am215_interior_03": "am215_interior_V2_SHDSG", "am215_interior_02": "am215_interior_V4_SHDSG", "am215_interior_05": "am215_interior_V1_SHDSG", "am215_interior_04": "am215_interior_V3_SHDSG", "am215_props_shop_exposition_v003": "AM215_props_Shop_exposition_V2_SHDSG"}, "AM215_030": {"am215_props_shop_exposition_v8": "AM215_props_Shop_exposition_V8_SHDSG", "am215_props_shop_exposition_v10": "AM215_props_Shop_exposition_V10_SHDSG", "am215_props_shop_exposition_v7": "AM215_props_Shop_exposition_V7_SHDSG", "am215_interior_01": "am215_interior_V5_SHDSG", "am215_props_shop_exposition_v9": "AM215_props_Shop_exposition_V9_SHDSG", "am215_interior_03": "am215_interior_V2_SHDSG", "am215_interior_02": "am215_interior_V4_SHDSG", "am215_interior_05": "am215_interior_V1_SHDSG", "am215_interior_04": "am215_interior_V3_SHDSG"}, "AM215_019": {"am215_props_shop_exposition_v5": "AM215_props_Shop_exposition_V5_SHDSG", "am215_interior_01": "am215_interior_V5_SHDSG", "am215_interior_03": "am215_interior_V2_SHDSG", "am215_interior_02": "am215_interior_V4_SHDSG", "am215_interior_05": "am215_interior_V1_SHDSG", "am215_interior_04": "am215_interior_V3_SHDSG"}, "AM215_018": {"am215_interior_01": "am215_interior_V5_SHDSG", "am215_interior_03": "am215_interior_V2_SHDSG", "am215_interior_02": "am215_interior_V4_SHDSG", "am215_props_shop_exposition_v7": "AM215_props_Shop_exposition_V7_SHDSG"}, "AM215_035": {"am215_props_shop_exposition_v3": "AM215_props_Shop_exposition_V3_SHDSG", "am215_props_shop_exposition_v6": "AM215_props_Shop_exposition_V6_SHDSG", "am215_props_shop_exposition_v8": "AM215_props_Shop_exposition_V8_SHDSG", "am215_interior_05": "am215_interior_V1_SHDSG", "am215_interior_03": "am215_interior_V2_SHDSG", "am215_interior_02": "am215_interior_V4_SHDSG", "am215_interior_01": "am215_interior_V5_SHDSG", "am215_interior_04": "am215_interior_V3_SHDSG", "am215_props_shop_exposition_v011": "AM215_props_Shop_exposition_V9_SHDSG", "am215_props_shop_exposition_v010": "AM215_props_Shop_exposition_V8_SHDSG", "am215_props_shop_exposition_v10": "AM215_props_Shop_exposition_V9_SHDSG"}, "AM215_034": {"am215_props_shop_exposition_v8": "AM215_props_Shop_exposition_V7_SHDSG", "am215_props_shop_exposition_v11": "AM215_props_Shop_exposition_V10_SHDSG", "am215_props_shop_exposition_v5": "AM215_props_Shop_exposition_V5_SHDSG", "am215_props_shop_exposition_v6": "AM215_props_Shop_exposition_V6_SHDSG", "am215_interior_01": "am215_interior_V5_SHDSG", "am215_interior_03": "am215_interior_V2_SHDSG", "am215_interior_02": "am215_interior_V4_SHDSG", "am215_interior_05": "am215_interior_V1_SHDSG", "am215_interior_04": "am215_interior_V3_SHDSG"}, "AM215_015": {"am215_props_shop_exposition_v6": "AM215_props_Shop_exposition_V6_SHDSG", "am215_interior_01": "am215_interior_V5_SHDSG", "am215_interior_03": "am215_interior_V2_SHDSG", "am215_interior_02": "am215_interior_V4_SHDSG", "am215_interior_05": "am215_interior_V1_SHDSG", "am215_interior_04": "am215_interior_V3_SHDSG"}, "AM215_014": {"am215_props_shop_exposition_v3": "AM215_props_Shop_exposition_V3_SHDSG", "am215_props_shop_exposition_v5": "AM215_props_Shop_exposition_V4_SHDSG", "am215_props_shop_exposition_v7": "AM215_props_Shop_exposition_V5_SHDSG", "am215_interior_01": "am215_interior_V5_SHDSG", "am215_props_shop_exposition_v9": "AM215_props_Shop_exposition_V6_SHDSG", "am215_interior_03": "am215_interior_V2_SHDSG", "am215_interior_02": "am215_interior_V4_SHDSG", "am215_interior_05": "am215_interior_V1_SHDSG", "am215_interior_04": "am215_interior_V3_SHDSG", "am215_shop_interior": "am215_Shop_interior_V1_SHDSG", "am215_props_shop_exposition_v11": "AM215_props_Shop_exposition_V7_SHDSG"}, "AM215_017": {"am215_interior_01": "am215_interior_V5_SHDSG", "am215_interior_03": "am215_interior_V2_SHDSG", "am215_interior_02": "am215_interior_V4_SHDSG", "am215_interior_05": "am215_interior_V1_SHDSG", "am215_interior_04": "am215_interior_V3_SHDSG"}, "AM215_016": {"am215_props_shop_exposition_v5": "AM215_props_Shop_exposition_V5_SHDSG", "am215_props_shop_exposition_v7": "AM215_props_Shop_exposition_V6_SHDSG", "am215_interior_01": "am215_interior_V5_SHDSG", "am215_interior_03": "am215_interior_V2_SHDSG", "am215_interior_02": "am215_interior_V4_SHDSG", "am215_interior_05": "am215_interior_V1_SHDSG"}, "AM215_011": {"am215_interior_01": "am215_interior_V5_SHDSG", "am215_interior_03": "am215_interior_V2_SHDSG", "am215_interior_02": "am215_interior_V4_SHDSG", "am215_interior_05": "am215_interior_V1_SHDSG", "am215_interior_04": "am215_interior_V3_SHDSG"}, "AM215_010": {"am215_interior_01": "am215_interior_V5_SHDSG", "am215_interior_02": "am215_interior_V4_SHDSG", "am215_interior_05": "am215_interior_V1_SHDSG", "am215_interior_04": "am215_interior_V3_SHDSG"}, "AM215_013": {"am215_props_shop_exposition_v1": "AM215_props_Shop_exposition_V1_SHDSG", "am215_props_shop_exposition_v3": "AM215_props_Shop_exposition_V3_SHDSG", "am215_props_shop_exposition_v4": "AM215_props_Shop_exposition_V4_SHDSG", "am215_props_shop_exposition_v5": "AM215_props_Shop_exposition_V5_SHDSG", "am215_props_shop_exposition_v6": "AM215_props_Shop_exposition_V6_SHDSG", "am215_interior_01": "am215_interior_V5_SHDSG", "am215_props_shop_exposition_v9": "AM215_props_Shop_exposition_V9_SHDSG", "am215_interior_03": "am215_interior_V2_SHDSG", "am215_interior_02": "am215_interior_V4_SHDSG", "am215_interior_05": "am215_interior_V1_SHDSG", "am215_interior_04": "am215_interior_V3_SHDSG", "am215_props_shop_exposition_v011": "AM215_props_Shop_exposition_V5_SHDSG", "am215_props_shop_exposition_v010": "AM215_props_Shop_exposition_V4_SHDSG", "am215_props_shop_exposition_v013": "AM215_props_Shop_exposition_V9_SHDSG", "am215_props_shop_exposition_v012": "AM215_props_Shop_exposition_V3_SHDSG", "am215_props_shop_exposition_v16": "AM215_props_Shop_exposition_V10_SHDSG", "am215_props_shop_exposition_v014": "AM215_props_Shop_exposition_V4_SHDSG", "am215_props_shop_exposition_v017": "AM215_props_Shop_exposition_V6_SHDSG", "am215_props_shop_exposition_v016": "AM215_props_Shop_exposition_V4_SHDSG", "am215_props_shop_exposition_v018": "AM215_props_Shop_exposition_V4_SHDSG", "am215_props_shop_exposition_v8": "AM215_props_Shop_exposition_V8_SHDSG"}, "AM215_012": {"am215_interior_01": "am215_interior_V5_SHDSG", "am215_interior_03": "am215_interior_V2_SHDSG", "am215_interior_02": "am215_interior_V4_SHDSG", "am215_interior_04": "am215_interior_V3_SHDSG"}, "AM215_051": {"am215_props_shop_exposition_v3": "AM215_props_Shop_exposition_V3_SHDSG", "am215_props_shop_exposition_v11": "AM215_props_Shop_exposition_V4_SHDSG", "am215_props_shop_exposition_v009": "AM215_props_Shop_exposition_V4_SHDSG", "am215_interior_01": "am215_interior_V5_SHDSG", "am215_props_shop_exposition_v9": "AM215_props_Shop_exposition_V8_SHDSG", "am215_interior_03": "am215_interior_V2_SHDSG", "am215_interior_02": "am215_interior_V4_SHDSG", "am215_interior_05": "am215_interior_V1_SHDSG", "am215_interior_04": "am215_interior_V3_SHDSG", "am215_props_shop_exposition_v7": "AM215_props_Shop_exposition_V7_SHDSG"}, "AM215_050": {"am215_props_shop_exposition_v1": "AM215_props_Shop_exposition_V1_SHDSG", "am215_props_shop_exposition_v3": "AM215_props_Shop_exposition_V2_SHDSG", "am215_props_shop_exposition_v5": "AM215_props_Shop_exposition_V3_SHDSG", "am215_props_shop_exposition_v7": "AM215_props_Shop_exposition_V4_SHDSG", "am215_interior_01": "am215_interior_V5_SHDSG", "am215_interior_03": "am215_interior_V2_SHDSG", "am215_interior_02": "am215_interior_V4_SHDSG", "am215_interior_05": "am215_interior_V1_SHDSG", "am215_interior_04": "am215_interior_V3_SHDSG", "am215_shop_interior": "am215_Shop_interior_V1_SHDSG"}, "AM215_053": {"am215_props_shop_exposition_v4": "AM215_props_Shop_exposition_V4_SHDSG", "am215_interior_01": "am215_interior_V5_SHDSG", "am215_props_shop_exposition_v9": "AM215_props_Shop_exposition_V9_SHDSG", "am215_interior_03": "am215_interior_V2_SHDSG", "am215_interior_02": "am215_interior_V4_SHDSG", "am215_interior_05": "am215_interior_V1_SHDSG", "am215_interior_04": "am215_interior_V3_SHDSG"}, "AM215_052": {"am215_props_shop_exposition_v1": "AM215_props_Shop_exposition_V1_SHDSG", "am215_props_shop_exposition_v3": "AM215_props_Shop_exposition_V2_SHDSG", "am215_props_shop_exposition_v5": "AM215_props_Shop_exposition_V3_SHDSG", "am215_props_shop_exposition_v7": "AM215_props_Shop_exposition_V4_SHDSG", "am215_interior_01": "am215_interior_V5_SHDSG", "am215_interior_05": "am215_interior_V1_SHDSG", "am215_interior_03": "am215_interior_V2_SHDSG", "am215_interior_02": "am215_interior_V4_SHDSG", "am215_props_shop_exposition_v002": "AM215_props_Shop_exposition_V1_SHDSG", "am215_interior_04": "am215_interior_V3_SHDSG", "am215_props_shop_exposition_v11": "AM215_props_Shop_exposition_V7_SHDSG", "am215_props_shop_exposition_v9": "AM215_props_Shop_exposition_V5_SHDSG"}, "AM215_055": {"am215_props_shop_exposition_v1": "AM215_props_Shop_exposition_V1_SHDSG", "am215_props_shop_exposition_v3": "AM215_props_Shop_exposition_V3_SHDSG", "am215_props_shop_exposition_v4": "AM215_props_Shop_exposition_V4_SHDSG", "am215_props_shop_exposition_v6": "AM215_props_Shop_exposition_V5_SHDSG", "am215_props_shop_exposition_v9": "AM215_props_Shop_exposition_V9_SHDSG", "am215_interior_01": "am215_interior_V5_SHDSG", "am215_props_shop_exposition_v007": "AM215_props_Shop_exposition_V5_SHDSG", "am215_interior_03": "am215_interior_V2_SHDSG", "am215_interior_02": "am215_interior_V4_SHDSG", "am215_interior_04": "am215_interior_V3_SHDSG"}, "AM215_054": {"am215_props_shop_exposition_v1": "AM215_props_Shop_exposition_V1_SHDSG", "am215_props_shop_exposition_v3": "AM215_props_Shop_exposition_V2_SHDSG", "am215_props_shop_exposition_v8": "AM215_props_Shop_exposition_V8_SHDSG", "am215_props_shop_exposition_v9": "AM215_props_Shop_exposition_V9_SHDSG", "am215_interior_03": "am215_interior_V2_SHDSG", "am215_interior_02": "am215_interior_V4_SHDSG", "am215_interior_05": "am215_interior_V1_SHDSG", "am215_interior_04": "am215_interior_V3_SHDSG", "am215_interior_01": "am215_interior_V5_SHDSG", "am215_props_shop_exposition_v10": "AM215_props_Shop_exposition_V10_SHDSG", "am215_props_shop_exposition_v14": "AM215_props_Shop_exposition_V4_SHDSG"}, "AM215_057": {"am215_props_shop_exposition_v1": "AM215_props_Shop_exposition_V1_SHDSG", "am215_props_shop_exposition_v3": "AM215_props_Shop_exposition_V3_SHDSG", "am215_props_shop_exposition_v7": "AM215_props_Shop_exposition_V7_SHDSG", "am215_interior_01": "am215_interior_V5_SHDSG", "am215_props_shop_exposition_v9": "AM215_props_Shop_exposition_V9_SHDSG", "am215_interior_03": "am215_interior_V2_SHDSG", "am215_interior_02": "am215_interior_V4_SHDSG", "am215_interior_05": "am215_interior_V1_SHDSG", "am215_interior_04": "am215_interior_V3_SHDSG"}, "AM215_056": {"am215_props_shop_exposition_v1": "AM215_props_Shop_exposition_V1_SHDSG", "am215_props_shop_exposition_v3": "AM215_props_Shop_exposition_V2_SHDSG", "am215_props_shop_exposition_v5": "AM215_props_Shop_exposition_V3_SHDSG", "am215_props_shop_exposition_v7": "AM215_props_Shop_exposition_V4_SHDSG", "am215_interior_01": "am215_interior_V5_SHDSG", "am215_interior_03": "am215_interior_V2_SHDSG", "am215_interior_02": "am215_interior_V4_SHDSG", "am215_interior_05": "am215_interior_V1_SHDSG", "am215_interior_04": "am215_interior_V3_SHDSG"}, "AM215_037": {"am215_interior_02": "am215_interior_V4_SHDSG", "am215_props_shop_exposition_v4": "AM215_props_Shop_exposition_V4_SHDSG", "am215_props_shop_exposition_v5": "AM215_props_Shop_exposition_V5_SHDSG", "am215_props_shop_exposition_v008": "AM215_props_Shop_exposition_V6_SHDSG", "am215_props_shop_exposition_v7": "AM215_props_Shop_exposition_V7_SHDSG", "am215_interior_01": "am215_interior_V5_SHDSG", "am215_interior_03": "am215_interior_V2_SHDSG", "am215_props_shop_exposition_v005": "AM215_props_Shop_exposition_V4_SHDSG", "am215_interior_05": "am215_interior_V1_SHDSG", "am215_interior_04": "am215_interior_V3_SHDSG", "am215_props_shop_exposition_v10": "AM215_props_Shop_exposition_V6_SHDSG"}, "AM215_036": {"am215_props_shop_exposition_v1": "AM215_props_Shop_exposition_V1_SHDSG", "am215_props_shop_exposition_v3": "AM215_props_Shop_exposition_V2_SHDSG", "am215_props_shop_exposition_v5": "AM215_props_Shop_exposition_V3_SHDSG", "am215_props_shop_exposition_v7": "AM215_props_Shop_exposition_V4_SHDSG", "am215_interior_01": "am215_interior_V5_SHDSG", "am215_props_shop_exposition_v9": "AM215_props_Shop_exposition_V5_SHDSG", "am215_interior_03": "am215_interior_V2_SHDSG", "am215_interior_02": "am215_interior_V4_SHDSG", "am215_interior_05": "am215_interior_V1_SHDSG", "am215_interior_04": "am215_interior_V3_SHDSG", "am215_shop_interior": "am215_Shop_interior_V1_SHDSG", "am215_props_shop_exposition_v13": "AM215_props_Shop_exposition_V9_SHDSG", "am215_props_shop_exposition_v11": "AM215_props_Shop_exposition_V8_SHDSG"}}